AK,F,Ashley,36
AK,F,Anna,34
AK,F,Alyssa,31
AK,F,Abigail,28
AK,F,Alexis,23
AK,F,Amber,22
AK,F,Alexandra,16
AK,F,Amanda,16
AK,F,Audrey,16
AK,F,Allison,14
AK,F,Andrea,11
AK,F,Ariana,11
AK,F,Aurora,11
AK,F,Autumn,10
AK,F,Alexandria,9
AK,F,Angel,9
AK,F,Angela,9
AK,F,Amy,8
AK,F,Angelina,8
AK,F,Adrianna,5
AK,F,Alicia,5
AK,F,Alison,5
AK,F,Alissa,5
AK,F,Ariel,5
AK,F,Ashleigh,5
AK,F,Ashlyn,5
AK,M,Andrew,54
AK,M,Austin,40
AK,M,Alexander,38
AK,M,Anthony,27
AK,M,Aaron,22
AK,M,Adam,18
AK,M,Aidan,12
AK,M,Antonio,10
AK,M,Aiden,8
AK,M,Alex,8
AK,M,Adrian,7
AK,M,Avery,7
AK,M,Alfred,5
AL,F,Anna,386
AL,F,Alexis,284
AL,F,Ashley,230
AL,F,Abigail,184
AL,F,Alyssa,148
AL,F,Amber,142
AL,F,Allison,91
AL,F,Autumn,91
AL,F,Alexandria,77
AL,F,Angel,77
AL,F,Amanda,69
AL,F,Ashlyn,64
AL,F,Abby,53
AL,F,Alexandra,49
AL,F,Andrea,49
AL,F,Alexia,48
AL,F,Asia,42
AL,F,Alexus,41
AL,F,Audrey,37
AL,F,Aaliyah,34
AL,F,Avery,33
AL,F,Amaya,31
AL,F,Ariel,31
AL,F,Ariana,30
AL,F,Angela,29
AL,F,Allie,28
AL,F,Arianna,27
AL,F,Abbie,26
AL,F,Alana,26
AL,F,Ashleigh,26
AL,F,Ashton,26
AL,F,Addison,24
AL,F,Alicia,24
AL,F,Amelia,24
AL,F,Amy,23
AL,F,Anne,23
AL,F,Alexa,19
AL,F,Allyson,19
AL,F,Aniya,19
AL,F,Ann,19
AL,F,Annie,19
AL,F,Adriana,18
AL,F,Ansley,18
AL,F,Aliyah,17
AL,F,April,17
AL,F,Aubrey,17
AL,F,Alaina,16
AL,F,Alison,16
AL,F,Amya,16
AL,F,Ashlynn,16
AL,F,Alisha,15
AL,F,Alyson,15
AL,F,Amari,15
AL,F,Ashlee,15
AL,F,Adrianna,14
AL,F,Alissa,14
AL,F,Abbey,13
AL,F,Aleah,13
AL,F,Ayanna,13
AL,F,Abbigail,12
AL,F,Ally,12
AL,F,Ana,12
AL,F,Aniyah,12
AL,F,Adrienne,11
AL,F,Angelina,11
AL,F,Ava,11
AL,F,Amiya,10
AL,F,Alanna,9
AL,F,Alaysia,9
AL,F,Ambria,9
AL,F,Angelica,9
AL,F,Azaria,9
AL,F,Akira,8
AL,F,Amani,8
AL,F,Annabelle,8
AL,F,Ashia,8
AL,F,Alex,7
AL,F,Ali,7
AL,F,Alivia,7
AL,F,Amiyah,7
AL,F,Anaya,7
AL,F,Anya,7
AL,F,August,7
AL,F,Adrian,6
AL,F,Aja,6
AL,F,Alayna,6
AL,F,Alecia,6
AL,F,Aleigha,6
AL,F,Alesha,6
AL,F,Alice,6
AL,F,Alisa,6
AL,F,Alysa,6
AL,F,Ariyana,6
AL,F,Ashli,6
AL,F,Abagail,5
AL,F,Abigayle,5
AL,F,Alexandrea,5
AL,F,Alondra,5
AL,F,Anastasia,5
AL,F,Annah,5
AL,F,Antonia,5
AL,F,Ashanti,5
AL,F,Ashlie,5
AL,F,Auriel,5
AL,F,Ayana,5
AL,F,Aysha,5
AL,M,Austin,411
AL,M,Andrew,345
AL,M,Anthony,163
AL,M,Alexander,159
AL,M,Aaron,129
AL,M,Antonio,71
AL,M,Alex,69
AL,M,Adam,62
AL,M,Ashton,34
AL,M,Adrian,30
AL,M,Avery,28
AL,M,Allen,27
AL,M,Alan,24
AL,M,Arthur,20
AL,M,Alejandro,17
AL,M,Aidan,15
AL,M,Andre,15
AL,M,Alec,12
AL,M,Addison,11
AL,M,Aubrey,11
AL,M,Alonzo,10
AL,M,Alexis,9
AL,M,Amari,9
AL,M,Anderson,9
AL,M,Andy,9
AL,M,Angel,9
AL,M,Abraham,8
AL,M,Albert,8
AL,M,Antwan,8
AL,M,Ahmad,7
AL,M,Alvin,7
AL,M,Amir,7
AL,M,Angelo,7
AL,M,Adarius,6
AL,M,Alfred,6
AL,M,Antoine,6
AL,M,Armando,5
AL,M,Aron,5
AL,M,Asa,5
AL,M,August,5
AR,F,Alexis,177
AR,F,Ashley,143
AR,F,Abigail,128
AR,F,Anna,121
AR,F,Alyssa,87
AR,F,Allison,72
AR,F,Amber,64
AR,F,Autumn,58
AR,F,Alexandria,57
AR,F,Ashlyn,49
AR,F,Amanda,46
AR,F,Andrea,34
AR,F,Angel,33
AR,F,Abby,31
AR,F,Alexandra,31
AR,F,Ashton,28
AR,F,Audrey,27
AR,F,Amy,25
AR,F,Angela,25
AR,F,Asia,25
AR,F,Allie,23
AR,F,Adrianna,22
AR,F,Addison,21
AR,F,Alexia,21
AR,F,Alicia,21
AR,F,Ariel,21
AR,F,Avery,20
AR,F,Amaya,18
AR,F,Ashlee,18
AR,F,Alissa,17
AR,F,Allyson,17
AR,F,Aubrey,17
AR,F,Alexa,15
AR,F,Amelia,15
AR,F,Ana,14
AR,F,Ashlynn,13
AR,F,Ashleigh,12
AR,F,Angelica,11
AR,F,Ariana,11
AR,F,Aaliyah,10
AR,F,Adriana,10
AR,F,Alana,10
AR,F,Alison,10
AR,F,Abbey,9
AR,F,Alaina,9
AR,F,Alexus,9
AR,F,Alondra,9
AR,F,Aspen,9
AR,F,Ava,9
AR,F,Abbigail,8
AR,F,Anastasia,8
AR,F,Ashtyn,8
AR,F,Alejandra,7
AR,F,Alma,7
AR,F,Anahi,7
AR,F,April,7
AR,F,Abbie,6
AR,F,Abigale,6
AR,F,Adrian,6
AR,F,Adrienne,6
AR,F,Alayna,6
AR,F,Alisha,6
AR,F,Aliyah,6
AR,F,Aniya,6
AR,F,Annabelle,6
AR,F,Annie,6
AR,F,Arianna,6
AR,F,Arielle,6
AR,F,Ayanna,6
AR,F,Alanna,5
AR,F,Ali,5
AR,F,Alice,5
AR,F,Alisa,5
AR,F,Alivia,5
AR,F,Alysha,5
AR,F,Amiya,5
AR,M,Austin,211
AR,M,Andrew,153
AR,M,Aaron,100
AR,M,Alexander,99
AR,M,Anthony,86
AR,M,Alex,59
AR,M,Adam,39
AR,M,Antonio,33
AR,M,Adrian,27
AR,M,Alejandro,21
AR,M,Alec,20
AR,M,Alan,18
AR,M,Aidan,17
AR,M,Alexis,17
AR,M,Ashton,13
AR,M,Allen,12
AR,M,Andre,10
AR,M,Angel,10
AR,M,Avery,10
AR,M,Addison,7
AR,M,Andy,6
AR,M,Abraham,5
AR,M,Arthur,5
AZ,F,Ashley,400
AZ,F,Alexis,379
AZ,F,Alyssa,315
AZ,F,Abigail,219
AZ,F,Andrea,194
AZ,F,Alexandra,164
AZ,F,Amanda,142
AZ,F,Angelica,137
AZ,F,Amber,135
AZ,F,Anna,128
AZ,F,Angela,121
AZ,F,Adriana,115
AZ,F,Ariana,115
AZ,F,Ana,114
AZ,F,Alicia,103
AZ,F,Allison,97
AZ,F,Alexa,88
AZ,F,Alejandra,86
AZ,F,Arianna,81
AZ,F,Alondra,78
AZ,F,Alexia,73
AZ,F,Angelina,69
AZ,F,Autumn,64
AZ,F,Amy,57
AZ,F,Alexandria,53
AZ,F,Audrey,52
AZ,F,Angel,49
AZ,F,April,49
AZ,F,Anahi,45
AZ,F,Aubrey,42
AZ,F,Adrianna,40
AZ,F,Ariel,36
AZ,F,Amaya,33
AZ,F,Anissa,33
AZ,F,Alana,32
AZ,F,Aaliyah,30
AZ,F,Aileen,26
AZ,F,Avery,26
AZ,F,Abril,25
AZ,F,Alissa,25
AZ,F,Angelique,25
AZ,F,Aurora,25
AZ,F,Abby,24
AZ,F,Annika,24
AZ,F,Asia,24
AZ,F,Amelia,23
AZ,F,Ava,23
AZ,F,Alina,22
AZ,F,Anastasia,22
AZ,F,Ashlee,21
AZ,F,Aliyah,20
AZ,F,Alexus,19
AZ,F,Alison,19
AZ,F,Alma,19
AZ,F,Araceli,19
AZ,F,Ashlyn,19
AZ,F,Ashlynn,19
AZ,F,Aylin,19
AZ,F,Alaina,18
AZ,F,Allyson,18
AZ,F,Ashleigh,18
AZ,F,Athena,18
AZ,F,Addison,17
AZ,F,America,17
AZ,F,Arlene,17
AZ,F,Alize,16
AZ,F,Aspen,16
AZ,F,Annie,15
AZ,F,Antonia,15
AZ,F,Alanna,14
AZ,F,Abbigail,13
AZ,F,Adilene,13
AZ,F,Adrienne,13
AZ,F,Alayna,13
AZ,F,Anyssa,13
AZ,F,Aracely,13
AZ,F,Ayanna,13
AZ,F,Alisha,12
AZ,F,Anika,12
AZ,F,Anya,12
AZ,F,Alessandra,11
AZ,F,Alexys,11
AZ,F,Alisa,11
AZ,F,Anne,11
AZ,F,Arleth,11
AZ,F,Aimee,10
AZ,F,Aiyana,10
AZ,F,Alena,10
AZ,F,Alysa,10
AZ,F,Alyson,10
AZ,F,Analisa,10
AZ,F,Annabelle,10
AZ,F,Ashton,10
AZ,F,Abbie,9
AZ,F,Abrianna,9
AZ,F,Alexandrea,9
AZ,F,Aliya,9
AZ,F,Analicia,9
AZ,F,Angelita,9
AZ,F,Angie,9
AZ,F,Anjelica,9
AZ,F,Annette,9
AZ,F,Ayla,9
AZ,F,Adelina,8
AZ,F,Airam,8
AZ,F,Alia,8
AZ,F,Allie,8
AZ,F,Allyssa,8
AZ,F,Alycia,8
AZ,F,Anakaren,8
AZ,F,Anaya,8
AZ,F,Ashli,8
AZ,F,Aubree,8
AZ,F,Aubrie,8
AZ,F,Audra,8
AZ,F,Azucena,8
AZ,F,Abbey,7
AZ,F,Alexsandra,7
AZ,F,Alice,7
AZ,F,Anabel,7
AZ,F,Areli,7
AZ,F,Arely,7
AZ,F,Arriana,7
AZ,F,Aryanna,7
AZ,F,Ashlie,7
AZ,F,Acacia,6
AZ,F,Adamaris,6
AZ,F,Ali,6
AZ,F,Ambria,6
AZ,F,Anamaria,6
AZ,F,Anayeli,6
AZ,F,Angelic,6
AZ,F,Anisa,6
AZ,F,Ann,6
AZ,F,Annalisa,6
AZ,F,Arielle,6
AZ,F,Ashly,6
AZ,F,Ashtyn,6
AZ,F,Ayana,6
AZ,F,Adeline,5
AZ,F,Ailyn,5
AZ,F,Aiyanna,5
AZ,F,Alea,5
AZ,F,Alex,5
AZ,F,Alexi,5
AZ,F,Allissa,5
AZ,F,Alora,5
AZ,F,Amari,5
AZ,F,Amya,5
AZ,F,Anahy,5
AZ,F,Anais,5
AZ,F,Anastacia,5
AZ,F,Anessa,5
AZ,F,Angeles,5
AZ,F,Anita,5
AZ,F,Aniya,5
AZ,F,Annamarie,5
AZ,F,Ariah,5
AZ,F,Arizona,5
AZ,F,Astrid,5
AZ,F,Aubry,5
AZ,M,Anthony,495
AZ,M,Andrew,442
AZ,M,Angel,360
AZ,M,Alexander,350
AZ,M,Austin,260
AZ,M,Adrian,235
AZ,M,Alejandro,193
AZ,M,Aaron,178
AZ,M,Adam,176
AZ,M,Alex,146
AZ,M,Antonio,140
AZ,M,Alexis,134
AZ,M,Andres,123
AZ,M,Alan,85
AZ,M,Aidan,74
AZ,M,Armando,62
AZ,M,Alec,61
AZ,M,Alberto,57
AZ,M,Arturo,51
AZ,M,Abraham,50
AZ,M,Andre,49
AZ,M,Alfredo,46
AZ,M,Axel,41
AZ,M,Abel,39
AZ,M,Andy,37
AZ,M,Albert,28
AZ,M,Ashton,28
AZ,M,Angelo,27
AZ,M,Alfonso,26
AZ,M,Alonso,26
AZ,M,Adan,23
AZ,M,Allen,22
AZ,M,Aiden,21
AZ,M,Agustin,20
AZ,M,Alvaro,20
AZ,M,Adolfo,17
AZ,M,Aldo,17
AZ,M,Avery,17
AZ,M,Alonzo,15
AZ,M,Arthur,15
AZ,M,Alfred,13
AZ,M,Arnold,13
AZ,M,Allan,11
AZ,M,Arath,10
AZ,M,Ayden,10
AZ,M,Abram,9
AZ,M,Ali,9
AZ,M,Alvin,9
AZ,M,Aurelio,9
AZ,M,Addison,8
AZ,M,Augustine,8
AZ,M,Abran,7
AZ,M,Adriel,7
AZ,M,Ahmed,7
AZ,M,Ariel,7
AZ,M,Austyn,7
AZ,M,Alek,6
AZ,M,Alexandro,6
AZ,M,Alexzander,6
AZ,M,Ari,6
AZ,M,Aron,6
AZ,M,Abimael,5
AZ,M,Aden,5
AZ,M,Amado,5
AZ,M,Ammon,5
AZ,M,Anton,5
AZ,M,Antony,5
AZ,M,Arian,5
AZ,M,Aric,5
AZ,M,Arik,5
AZ,M,Arnulfo,5
CA,F,Ashley,2831
CA,F,Alyssa,2005
CA,F,Alexis,1864
CA,F,Andrea,1417
CA,F,Amanda,1133
CA,F,Alexandra,1045
CA,F,Abigail,1000
CA,F,Angela,833
CA,F,Alejandra,694
CA,F,Anna,694
CA,F,Alondra,668
CA,F,Adriana,662
CA,F,Ariana,638
CA,F,Angelica,632
CA,F,Amy,629
CA,F,Ana,590
CA,F,Amber,554
CA,F,Allison,538
CA,F,Alexa,491
CA,F,Angelina,466
CA,F,Alicia,459
CA,F,Audrey,422
CA,F,Arianna,420
CA,F,Alexandria,344
CA,F,Angel,307
CA,F,April,264
CA,F,Alexia,254
CA,F,Anahi,252
CA,F,Aileen,210
CA,F,Ariel,206
CA,F,Amaya,190
CA,F,Ava,188
CA,F,Alissa,185
CA,F,Autumn,182
CA,F,Annie,179
CA,F,Angie,176
CA,F,Alma,171
CA,F,Adrianna,170
CA,F,Alison,161
CA,F,Alina,158
CA,F,Ashlyn,152
CA,F,Amelia,149
CA,F,Alana,146
CA,F,Araceli,143
CA,F,Aliyah,133
CA,F,America,133
CA,F,Aylin,130
CA,F,Alice,128
CA,F,Athena,128
CA,F,Arlene,124
CA,F,Aaliyah,120
CA,F,Allyson,119
CA,F,Angelique,118
CA,F,Avery,118
CA,F,Aubrey,116
CA,F,Asia,114
CA,F,Aurora,110
CA,F,Anastasia,102
CA,F,Annika,102
CA,F,Alexus,97
CA,F,Ashlee,95
CA,F,Aimee,92
CA,F,Arely,90
CA,F,Anne,84
CA,F,Anissa,77
CA,F,Abby,76
CA,F,Alisha,76
CA,F,Anika,76
CA,F,Ashlynn,73
CA,F,Alisa,72
CA,F,Abril,71
CA,F,Alessandra,70
CA,F,Annabelle,70
CA,F,Annette,69
CA,F,Aracely,68
CA,F,Adilene,67
CA,F,Anya,66
CA,F,Antonia,60
CA,F,Arielle,59
CA,F,Alize,58
CA,F,Ashleigh,58
CA,F,Alanna,56
CA,F,Alena,53
CA,F,Adrienne,51
CA,F,Alaina,51
CA,F,Alyson,51
CA,F,Areli,51
CA,F,Ayanna,51
CA,F,Anais,50
CA,F,Anita,47
CA,F,Ani,46
CA,F,Aryanna,46
CA,F,Alia,45
CA,F,Angeles,45
CA,F,Anai,44
CA,F,Ashly,44
CA,F,Addison,43
CA,F,Anabel,43
CA,F,Anjali,43
CA,F,Ann,42
CA,F,Aliya,40
CA,F,Analisa,40
CA,F,Anyssa,40
CA,F,Astrid,40
CA,F,Allie,39
CA,F,Aleena,37
CA,F,Azucena,37
CA,F,Amalia,36
CA,F,Adela,35
CA,F,Adeline,35
CA,F,Alexandrea,35
CA,F,Ally,35
CA,F,Alysa,35
CA,F,Anaya,35
CA,F,Ayla,35
CA,F,Ayleen,35
CA,F,Adamaris,34
CA,F,Alayna,34
CA,F,Aleah,34
CA,F,Angeline,34
CA,F,Annabella,34
CA,F,Abbey,33
CA,F,Annalise,33
CA,F,Aliza,32
CA,F,Anabelle,32
CA,F,Aniya,32
CA,F,Annalisa,32
CA,F,Antoinette,32
CA,F,Aria,32
CA,F,Aubree,32
CA,F,Aisha,31
CA,F,Allyssa,31
CA,F,Annamarie,30
CA,F,Annabel,29
CA,F,Alycia,28
CA,F,Amara,28
CA,F,Anayeli,28
CA,F,Alex,27
CA,F,Aliah,27
CA,F,Amari,27
CA,F,Ariella,27
CA,F,Aspen,27
CA,F,Aline,26
CA,F,Alysia,26
CA,F,Amaris,26
CA,F,Anamaria,26
CA,F,Anisa,26
CA,F,Arleth,26
CA,F,Ailyn,25
CA,F,Aiyana,25
CA,F,Alexys,25
CA,F,Arlette,25
CA,F,Arriana,25
CA,F,Abbigail,24
CA,F,Ada,24
CA,F,Alora,24
CA,F,Aryana,24
CA,F,Avalon,24
CA,F,Adrian,23
CA,F,Aja,23
CA,F,Amira,23
CA,F,Ashlie,23
CA,F,Aditi,22
CA,F,Alexsandra,22
CA,F,Amina,22
CA,F,Amya,22
CA,F,Anisha,22
CA,F,Ariadna,22
CA,F,Arleen,22
CA,F,Ashely,22
CA,F,Ashton,22
CA,F,Alani,21
CA,F,Ayana,21
CA,F,Adelina,20
CA,F,Alexi,20
CA,F,Alivia,20
CA,F,Amani,20
CA,F,Ananya,20
CA,F,Asha,20
CA,F,Azalea,20
CA,F,Anjelica,19
CA,F,Annemarie,19
CA,F,Arabella,19
CA,F,Aranza,19
CA,F,Audra,19
CA,F,Abigayle,18
CA,F,Acacia,18
CA,F,Adrianne,18
CA,F,Alanis,18
CA,F,Allysa,18
CA,F,Angelika,18
CA,F,Anthony,18
CA,F,Aya,18
CA,F,Aida,17
CA,F,Allissa,17
CA,F,Alyse,17
CA,F,Anahy,17
CA,F,Analise,17
CA,F,Andie,17
CA,F,Angelita,17
CA,F,Ashanti,17
CA,F,Abrianna,16
CA,F,Aide,16
CA,F,Airam,16
CA,F,Alaysia,16
CA,F,Ali,16
CA,F,Allegra,16
CA,F,Annmarie,16
CA,F,Armani,16
CA,F,Aliana,15
CA,F,Alix,15
CA,F,Amairani,15
CA,F,Amie,15
CA,F,Aminah,15
CA,F,Aislinn,14
CA,F,Aiyanna,14
CA,F,Alba,14
CA,F,Alea,14
CA,F,Alejandrina,14
CA,F,Amberly,14
CA,F,Anastacia,14
CA,F,Aniyah,14
CA,F,Annaliese,14
CA,F,Arianne,14
CA,F,Ariela,14
CA,F,Ashli,14
CA,F,Aubrie,14
CA,F,Abigale,13
CA,F,Adelaide,13
CA,F,Ahtziri,13
CA,F,Aishwarya,13
CA,F,Alisia,13
CA,F,Alliyah,13
CA,F,Alysha,13
CA,F,Alyza,13
CA,F,Amairany,13
CA,F,Ariyana,13
CA,F,Aubriana,13
CA,F,Adina,12
CA,F,Agnes,12
CA,F,Aidan,12
CA,F,Alannah,12
CA,F,Amiyah,12
CA,F,Analicia,12
CA,F,Anessa,12
CA,F,Angelic,12
CA,F,Ankita,12
CA,F,Anmol,12
CA,F,Anneliese,12
CA,F,Arcelia,12
CA,F,Ariadne,12
CA,F,Ariah,12
CA,F,Arlin,12
CA,F,Ashtyn,12
CA,F,Averi,12
CA,F,Abbie,11
CA,F,Ailene,11
CA,F,Aine,11
CA,F,Alyna,11
CA,F,Alyssia,11
CA,F,Amethyst,11
CA,F,Ami,11
CA,F,Anahit,11
CA,F,Anakaren,11
CA,F,Anali,11
CA,F,Andreina,11
CA,F,Anel,11
CA,F,Angelena,11
CA,F,Anisah,11
CA,F,Anja,11
CA,F,Annalee,11
CA,F,Annelise,11
CA,F,Audry,11
CA,F,Ayah,11
CA,F,Aysia,11
CA,F,Azul,11
CA,F,Adamari,10
CA,F,Adara,10
CA,F,Adia,10
CA,F,Aidee,10
CA,F,Alejandro,10
CA,F,Alexie,10
CA,F,Alijah,10
CA,F,Ambria,10
CA,F,Amparo,10
CA,F,Amrita,10
CA,F,Anabella,10
CA,F,Andria,10
CA,F,Anette,10
CA,F,Ania,10
CA,F,Arlen,10
CA,F,Arlyn,10
CA,F,Athina,10
CA,F,Aubrianna,10
CA,F,Ayesha,10
CA,F,Aysha,10
CA,F,Abagail,9
CA,F,Abriana,9
CA,F,Abygail,9
CA,F,Adele,9
CA,F,Aerin,9
CA,F,Akira,9
CA,F,Alanah,9
CA,F,Alexcia,9
CA,F,Alexsis,9
CA,F,Alexzandra,9
CA,F,Aleyah,9
CA,F,Alli,9
CA,F,Althea,9
CA,F,Alyah,9
CA,F,Amiah,9
CA,F,Amit,9
CA,F,Amiya,9
CA,F,Anay,9
CA,F,Anh,9
CA,F,Anicia,9
CA,F,Annabell,9
CA,F,Araya,9
CA,F,Arika,9
CA,F,Arissa,9
CA,F,Ariyanna,9
CA,F,Audriana,9
CA,F,Aura,9
CA,F,Aurelia,9
CA,F,Avani,9
CA,F,Addie,8
CA,F,Adelaida,8
CA,F,Adria,8
CA,F,Aime,8
CA,F,Aislynn,8
CA,F,Alaya,8
CA,F,Alecia,8
CA,F,Alexxis,8
CA,F,Alianna,8
CA,F,Alona,8
CA,F,Alya,8
CA,F,Amayah,8
CA,F,Amia,8
CA,F,An,8
CA,F,Anaiya,8
CA,F,Analia,8
CA,F,Analiese,8
CA,F,Andi,8
CA,F,Andrina,8
CA,F,Aneesa,8
CA,F,Angelyna,8
CA,F,Annamaria,8
CA,F,Anushka,8
CA,F,Aolani,8
CA,F,Arlet,8
CA,F,Asiah,8
CA,F,Assata,8
CA,F,Asya,8
CA,F,Audree,8
CA,F,Audrie,8
CA,F,Aurianna,8
CA,F,Avigail,8
CA,F,Aarushi,7
CA,F,Adi,7
CA,F,Adreanna,7
CA,F,Aiko,7
CA,F,Ainsley,7
CA,F,Ajah,7
CA,F,Ajanae,7
CA,F,Alaysha,7
CA,F,Aleen,7
CA,F,Alegra,7
CA,F,Alessia,7
CA,F,Alexzandria,7
CA,F,Aleya,7
CA,F,Aleyda,7
CA,F,Alida,7
CA,F,Alizabeth,7
CA,F,Alonna,7
CA,F,Alva,7
CA,F,Alyana,7
CA,F,Amaiya,7
CA,F,Amal,7
CA,F,Ambar,7
CA,F,Amberlynn,7
CA,F,Amelie,7
CA,F,Amirah,7
CA,F,Ammy,7
CA,F,Anabell,7
CA,F,Anallely,7
CA,F,Analy,7
CA,F,Anapatricia,7
CA,F,Andra,7
CA,F,Angelisa,7
CA,F,Ansley,7
CA,F,Antonette,7
CA,F,Anusha,7
CA,F,Apryl,7
CA,F,Araseli,7
CA,F,Arden,7
CA,F,Ariane,7
CA,F,Aries,7
CA,F,Arrianna,7
CA,F,Atziri,7
CA,F,Aviana,7
CA,F,Avni,7
CA,F,Azalia,7
CA,F,Abbigayle,6
CA,F,Abbygail,6
CA,F,Abrielle,6
CA,F,Adali,6
CA,F,Adamarys,6
CA,F,Adora,6
CA,F,Aishah,6
CA,F,Aisling,6
CA,F,Akilah,6
CA,F,Alaa,6
CA,F,Alajah,6
CA,F,Alayah,6
CA,F,Aleia,6
CA,F,Aleksandra,6
CA,F,Alene,6
CA,F,Alesha,6
CA,F,Alexsia,6
CA,F,Alexza,6
CA,F,Aleyna,6
CA,F,Alise,6
CA,F,Alisson,6
CA,F,Alyce,6
CA,F,Alysse,6
CA,F,Amena,6
CA,F,Amrit,6
CA,F,Amulya,6
CA,F,Anaiah,6
CA,F,Analissa,6
CA,F,Anayely,6
CA,F,Andreana,6
CA,F,Andromeda,6
CA,F,Aneth,6
CA,F,Angeli,6
CA,F,Angelia,6
CA,F,Angella,6
CA,F,Angelmarie,6
CA,F,Angely,6
CA,F,Anica,6
CA,F,Anjelina,6
CA,F,Annahi,6
CA,F,Annai,6
CA,F,Annalicia,6
CA,F,Annalyn,6
CA,F,Annastasia,6
CA,F,Annay,6
CA,F,Anny,6
CA,F,Antionette,6
CA,F,Ara,6
CA,F,Areanna,6
CA,F,Arianah,6
CA,F,Arieanna,6
CA,F,Arin,6
CA,F,Arline,6
CA,F,Asucena,6
CA,F,Aubry,6
CA,F,Audrianna,6
CA,F,August,6
CA,F,Averie,6
CA,F,Avianna,6
CA,F,Avneet,6
CA,F,Ayline,6
CA,F,Aylinn,6
CA,F,Azia,6
CA,F,Abbigale,5
CA,F,Abegail,5
CA,F,Adryanna,5
CA,F,Ailani,5
CA,F,Ailin,5
CA,F,Airiana,5
CA,F,Aixa,5
CA,F,Ajane,5
CA,F,Alahna,5
CA,F,Alan,5
CA,F,Aleeah,5
CA,F,Aleigha,5
CA,F,Alessa,5
CA,F,Alexiss,5
CA,F,Alexsa,5
CA,F,Alexsys,5
CA,F,Alexxa,5
CA,F,Alexya,5
CA,F,Alitzel,5
CA,F,Alizae,5
CA,F,Allana,5
CA,F,Alliana,5
CA,F,Almendra,5
CA,F,Aly,5
CA,F,Alyiah,5
CA,F,Alyn,5
CA,F,Alynna,5
CA,F,Alyssah,5
CA,F,Amada,5
CA,F,Aman,5
CA,F,Amayrani,5
CA,F,Ambika,5
CA,F,Amor,5
CA,F,Amyah,5
CA,F,Anagha,5
CA,F,Anahita,5
CA,F,Analilia,5
CA,F,Ananda,5
CA,F,Anasofia,5
CA,F,Andriana,5
CA,F,Anela,5
CA,F,Aneliz,5
CA,F,Angeleah,5
CA,F,Angelene,5
CA,F,Aniah,5
CA,F,Annaly,5
CA,F,Anysa,5
CA,F,Aparna,5
CA,F,Arantxa,5
CA,F,Arian,5
CA,F,Arica,5
CA,F,Aris,5
CA,F,Arisbeth,5
CA,F,Arleene,5
CA,F,Armida,5
CA,F,Armoni,5
CA,F,Arpi,5
CA,F,Aryan,5
CA,F,Ashleynicole,5
CA,F,Ashlin,5
CA,F,Ashna,5
CA,F,Aundrea,5
CA,F,Ayaka,5
CA,F,Ayannah,5
CA,F,Azaria,5
CA,F,Aziza,5
CA,F,Azusena,5
CA,M,Anthony,3837
CA,M,Andrew,3599
CA,M,Angel,2326
CA,M,Alexander,2180
CA,M,Adrian,1593
CA,M,Alejandro,1464
CA,M,Aaron,1363
CA,M,Austin,1010
CA,M,Alex,942
CA,M,Adam,906
CA,M,Alexis,904
CA,M,Antonio,904
CA,M,Andres,828
CA,M,Alan,579
CA,M,Andy,574
CA,M,Armando,514
CA,M,Abraham,506
CA,M,Alberto,428
CA,M,Aidan,409
CA,M,Arturo,361
CA,M,Alfredo,351
CA,M,Albert,279
CA,M,Andre,269
CA,M,Abel,245
CA,M,Alec,242
CA,M,Axel,205
CA,M,Angelo,188
CA,M,Arthur,181
CA,M,Allen,176
CA,M,Alvaro,171
CA,M,Alfonso,170
CA,M,Adan,148
CA,M,Allan,131
CA,M,Agustin,123
CA,M,Adolfo,121
CA,M,Alvin,111
CA,M,Aiden,109
CA,M,Ali,101
CA,M,Alonso,94
CA,M,Avery,93
CA,M,Ashton,86
CA,M,Aldo,84
CA,M,Amir,77
CA,M,Alonzo,76
CA,M,Ariel,76
CA,M,Alfred,72
CA,M,Alexandro,63
CA,M,Aron,53
CA,M,Ahmad,50
CA,M,Ahmed,50
CA,M,Arnold,48
CA,M,August,46
CA,M,Addison,45
CA,M,Arman,39
CA,M,Ari,38
CA,M,Anton,36
CA,M,Antony,35
CA,M,Asher,35
CA,M,Adalberto,34
CA,M,Alessandro,33
CA,M,Adrien,32
CA,M,Arjun,30
CA,M,Ayden,30
CA,M,Aldair,29
CA,M,Adriel,27
CA,M,Andreas,27
CA,M,Alek,26
CA,M,Abner,25
CA,M,Abram,25
CA,M,Anderson,25
CA,M,Antoine,25
CA,M,Adonis,24
CA,M,Aman,24
CA,M,Amari,24
CA,M,Aram,24
CA,M,Armen,24
CA,M,Aditya,22
CA,M,Asa,22
CA,M,Abdullah,21
CA,M,Alden,21
CA,M,Anish,21
CA,M,Arian,21
CA,M,Armani,21
CA,M,Arnulfo,21
CA,M,Alexzander,20
CA,M,Alexandre,19
CA,M,Amador,19
CA,M,Armand,19
CA,M,Ameer,18
CA,M,Angus,18
CA,M,Aurelio,17
CA,M,Aden,16
CA,M,Ajay,16
CA,M,Alijah,16
CA,M,Arnoldo,16
CA,M,Artemio,16
CA,M,Austyn,16
CA,M,Avi,16
CA,M,Abdul,15
CA,M,Akhil,15
CA,M,Amin,15
CA,M,Anders,15
CA,M,Aris,15
CA,M,Akshay,14
CA,M,Amar,14
CA,M,Amit,14
CA,M,Andru,14
CA,M,Armon,14
CA,M,Arron,14
CA,M,Augustin,14
CA,M,Augustine,14
CA,M,Austen,14
CA,M,Abhishek,13
CA,M,Abran,13
CA,M,Adin,13
CA,M,Amos,13
CA,M,Anson,13
CA,M,Aric,13
CA,M,Arvin,13
CA,M,Arya,13
CA,M,Abdiel,12
CA,M,Arath,12
CA,M,Armin,12
CA,M,Aubrey,12
CA,M,Aydin,12
CA,M,Abelardo,11
CA,M,Abhinav,11
CA,M,Ace,11
CA,M,Adal,11
CA,M,Akash,11
CA,M,Akira,11
CA,M,Amado,11
CA,M,Andrey,11
CA,M,Anirudh,11
CA,M,Aramis,11
CA,M,Ashwin,11
CA,M,Augustus,11
CA,M,Alton,10
CA,M,Amani,10
CA,M,Ammon,10
CA,M,Andrez,10
CA,M,Andrue,10
CA,M,Arik,10
CA,M,Armaan,10
CA,M,Arnav,10
CA,M,Ashley,10
CA,M,Atticus,10
CA,M,Aviv,10
CA,M,Abdallah,9
CA,M,Abdulrahman,9
CA,M,Aleksander,9
CA,M,Alen,9
CA,M,Ambrose,9
CA,M,Anibal,9
CA,M,Aristeo,9
CA,M,Armondo,9
CA,M,Aryan,9
CA,M,Aydan,9
CA,M,Ayush,9
CA,M,Abisai,8
CA,M,Adithya,8
CA,M,Alain,8
CA,M,Alfonzo,8
CA,M,Anakin,8
CA,M,Andrei,8
CA,M,Andruw,8
CA,M,Ansel,8
CA,M,Anuj,8
CA,M,Archie,8
CA,M,Arden,8
CA,M,Aria,8
CA,M,Arun,8
CA,M,Asad,8
CA,M,Abimael,7
CA,M,Adair,7
CA,M,Adnan,7
CA,M,Adryan,7
CA,M,Al,7
CA,M,Alecsander,7
CA,M,Ammar,7
CA,M,Anand,7
CA,M,Andrea,7
CA,M,Anthoney,7
CA,M,Anthoni,7
CA,M,Armond,7
CA,M,Art,7
CA,M,Ashish,7
CA,M,Athan,7
CA,M,Azriel,7
CA,M,Aakash,6
CA,M,Aayush,6
CA,M,Abbas,6
CA,M,Abrahan,6
CA,M,Adarsh,6
CA,M,Adiel,6
CA,M,Aedan,6
CA,M,Aj,6
CA,M,Ajani,6
CA,M,Akeem,6
CA,M,Aksel,6
CA,M,Alecxis,6
CA,M,Alexi,6
CA,M,Alexsis,6
CA,M,Anas,6
CA,M,Anastacio,6
CA,M,Anmol,6
CA,M,Anthonie,6
CA,M,Antoni,6
CA,M,Antonino,6
CA,M,Antwan,6
CA,M,Arash,6
CA,M,Aren,6
CA,M,Arsen,6
CA,M,Arsh,6
CA,M,Artin,6
CA,M,Artur,6
CA,M,Asael,6
CA,M,Ashkon,6
CA,M,Asim,6
CA,M,Avinash,6
CA,M,Axell,6
CA,M,Ayman,6
CA,M,Aamir,5
CA,M,Abigail,5
CA,M,Adi,5
CA,M,Adriano,5
CA,M,Ahmir,5
CA,M,Akili,5
CA,M,Albino,5
CA,M,Aldahir,5
CA,M,Alejandra,5
CA,M,Alejo,5
CA,M,Aleksei,5
CA,M,Alesandro,5
CA,M,Alexandra,5
CA,M,Alexei,5
CA,M,Alexes,5
CA,M,Alexsandro,5
CA,M,Alexys,5
CA,M,Alphonso,5
CA,M,Aly,5
CA,M,Amaan,5
CA,M,Amadeus,5
CA,M,Amilcar,5
CA,M,Amogh,5
CA,M,Andi,5
CA,M,Andree,5
CA,M,Aneesh,5
CA,M,Angello,5
CA,M,Anjel,5
CA,M,Anselmo,5
CA,M,Anwar,5
CA,M,Ares,5
CA,M,Argenis,5
CA,M,Arie,5
CA,M,Aries,5
CA,M,Arin,5
CA,M,Arjan,5
CA,M,Arlo,5
CA,M,Ashkan,5
CA,M,Assael,5
CA,M,Astin,5
CA,M,Augusto,5
CA,M,Auston,5
CA,M,Avraham,5
CA,M,Ayrton,5
CA,M,Azad,5
CA,M,Azael,5
CA,M,Azrael,5
CO,F,Ashley,285
CO,F,Alexis,233
CO,F,Abigail,216
CO,F,Alyssa,205
CO,F,Anna,186
CO,F,Alexandra,126
CO,F,Amanda,114
CO,F,Allison,92
CO,F,Amber,90
CO,F,Andrea,77
CO,F,Angelica,65
CO,F,Angela,64
CO,F,Alexa,59
CO,F,Audrey,59
CO,F,Alexandria,57
CO,F,Alondra,56
CO,F,Angel,54
CO,F,Arianna,54
CO,F,Autumn,54
CO,F,Adriana,53
CO,F,Amy,50
CO,F,Ariana,47
CO,F,Alexia,46
CO,F,Ana,46
CO,F,Aubrey,45
CO,F,Aspen,44
CO,F,Alicia,43
CO,F,Angelina,43
CO,F,Avery,42
CO,F,Alejandra,40
CO,F,Adrianna,39
CO,F,Alissa,31
CO,F,Ava,31
CO,F,Ariel,29
CO,F,Ashlyn,29
CO,F,Anahi,28
CO,F,Alana,26
CO,F,Abby,24
CO,F,Anastasia,24
CO,F,Aaliyah,23
CO,F,Alexus,23
CO,F,Annika,23
CO,F,Aliyah,22
CO,F,Alison,21
CO,F,Alma,21
CO,F,Annie,21
CO,F,April,21
CO,F,Anne,19
CO,F,Addison,17
CO,F,Amaya,17
CO,F,Ashlynn,17
CO,F,Allie,16
CO,F,Angelique,16
CO,F,Ashlee,16
CO,F,Ashleigh,16
CO,F,Alayna,15
CO,F,Allyson,15
CO,F,Amelia,15
CO,F,Aubree,14
CO,F,Aurora,14
CO,F,Alina,13
CO,F,Annalise,13
CO,F,Anya,13
CO,F,Athena,13
CO,F,Ayla,13
CO,F,Abbey,12
CO,F,Annabelle,12
CO,F,Alanna,11
CO,F,Araceli,11
CO,F,Aimee,10
CO,F,Alaina,10
CO,F,Ally,10
CO,F,Acacia,9
CO,F,Aileen,9
CO,F,Alisha,9
CO,F,Alize,9
CO,F,Alycia,9
CO,F,Alyson,9
CO,F,Anika,9
CO,F,Antoinette,9
CO,F,Aria,9
CO,F,Arleth,9
CO,F,Ashton,9
CO,F,Abril,8
CO,F,Adalyn,8
CO,F,Adilene,8
CO,F,Alena,8
CO,F,Alexandrea,8
CO,F,Annabel,8
CO,F,Aracely,8
CO,F,Arely,8
CO,F,Astrid,8
CO,F,Ayanna,8
CO,F,Alysia,7
CO,F,Ann,7
CO,F,Antonia,7
CO,F,Areli,7
CO,F,Arielle,7
CO,F,Aryanna,7
CO,F,Ashly,7
CO,F,Asia,7
CO,F,Aylin,7
CO,F,Abigayle,6
CO,F,Ada,6
CO,F,Adrienne,6
CO,F,Alaura,6
CO,F,Aleah,6
CO,F,Aliana,6
CO,F,Alysa,6
CO,F,Alyssia,6
CO,F,America,6
CO,F,Angie,6
CO,F,Anita,6
CO,F,Anjali,6
CO,F,Annette,6
CO,F,Aspyn,6
CO,F,Abagail,5
CO,F,Abbie,5
CO,F,Abbigail,5
CO,F,Abigale,5
CO,F,Abriana,5
CO,F,Adamaris,5
CO,F,Adeline,5
CO,F,Aiyana,5
CO,F,Aja,5
CO,F,Alexys,5
CO,F,Aliah,5
CO,F,Alice,5
CO,F,Alisa,5
CO,F,Aliza,5
CO,F,Allyssa,5
CO,F,Alora,5
CO,F,Amalia,5
CO,F,Amina,5
CO,F,Analise,5
CO,F,Anaya,5
CO,F,Angeline,5
CO,F,Annemarie,5
CO,F,Arlene,5
CO,F,Arrianna,5
CO,M,Andrew,350
CO,M,Alexander,306
CO,M,Anthony,276
CO,M,Austin,222
CO,M,Aaron,154
CO,M,Adam,150
CO,M,Adrian,125
CO,M,Alex,113
CO,M,Angel,110
CO,M,Alejandro,105
CO,M,Aidan,100
CO,M,Antonio,96
CO,M,Alexis,70
CO,M,Alan,51
CO,M,Angelo,49
CO,M,Alec,48
CO,M,Abraham,39
CO,M,Andres,39
CO,M,Armando,35
CO,M,Ashton,28
CO,M,Alfredo,27
CO,M,Abel,24
CO,M,Aiden,24
CO,M,Avery,24
CO,M,Axel,22
CO,M,Andre,21
CO,M,Arturo,21
CO,M,Alberto,19
CO,M,Andy,17
CO,M,Allen,14
CO,M,Alonso,13
CO,M,Alvaro,13
CO,M,Arthur,13
CO,M,Alfonso,11
CO,M,Alonzo,11
CO,M,Aric,10
CO,M,Ariel,10
CO,M,Addison,9
CO,M,Alexzander,8
CO,M,Anders,8
CO,M,Anton,8
CO,M,Albert,7
CO,M,Aron,7
CO,M,Austen,7
CO,M,Aden,6
CO,M,Adolfo,6
CO,M,Agustin,6
CO,M,Anakin,6
CO,M,Asher,6
CO,M,Austyn,6
CO,M,Abram,5
CO,M,Adan,5
CO,M,Ahmed,5
CO,M,Aleksander,5
CO,M,Alexandro,5
CO,M,Allan,5
CO,M,Alvin,5
CO,M,Amir,5
CO,M,Andreas,5
CO,M,Ari,5
CO,M,Arnulfo,5
CO,M,August,5
CO,M,Ayden,5
CT,F,Ashley,203
CT,F,Alyssa,178
CT,F,Amanda,168
CT,F,Abigail,162
CT,F,Alexandra,158
CT,F,Alexis,143
CT,F,Anna,111
CT,F,Alexa,81
CT,F,Allison,81
CT,F,Ariana,55
CT,F,Amber,54
CT,F,Ava,42
CT,F,Angela,39
CT,F,Arianna,37
CT,F,Amy,34
CT,F,Angelina,33
CT,F,Autumn,32
CT,F,Amelia,31
CT,F,Alexandria,27
CT,F,Alison,27
CT,F,Audrey,26
CT,F,Adriana,24
CT,F,Alana,24
CT,F,Andrea,24
CT,F,Alexia,23
CT,F,Angelica,23
CT,F,Avery,22
CT,F,Alicia,21
CT,F,Amaya,19
CT,F,Anne,18
CT,F,Aliyah,17
CT,F,Asia,16
CT,F,Ayanna,16
CT,F,Anastasia,15
CT,F,Aaliyah,14
CT,F,Alessandra,14
CT,F,Adrianna,13
CT,F,Annie,13
CT,F,Abby,12
CT,F,Allyson,12
CT,F,Ana,12
CT,F,Annabel,12
CT,F,Ariel,12
CT,F,Alissa,10
CT,F,Aryanna,10
CT,F,Alaina,8
CT,F,Angel,8
CT,F,Annabelle,8
CT,F,Annalise,8
CT,F,April,8
CT,F,Ashlee,8
CT,F,Aisha,7
CT,F,Alysha,7
CT,F,Ashleigh,7
CT,F,Aileen,6
CT,F,Aimee,6
CT,F,Alanna,6
CT,F,Alejandra,6
CT,F,Alice,6
CT,F,Alisha,6
CT,F,Alycia,6
CT,F,Ashlyn,6
CT,F,Aubrey,6
CT,F,Abbey,5
CT,F,Adelina,5
CT,F,Adrienne,5
CT,F,Alexus,5
CT,F,Alina,5
CT,F,Alisa,5
CT,F,Allie,5
CT,F,Allyssa,5
CT,F,Alyson,5
CT,F,Amina,5
CT,F,Amiya,5
CT,F,Anaya,5
CT,F,Angelique,5
CT,F,Anika,5
CT,F,Annemarie,5
CT,F,Armani,5
CT,F,Aryana,5
CT,F,Athena,5
CT,F,Audra,5
CT,M,Alexander,300
CT,M,Andrew,292
CT,M,Anthony,267
CT,M,Alex,103
CT,M,Adam,100
CT,M,Austin,99
CT,M,Aaron,69
CT,M,Aidan,66
CT,M,Angel,63
CT,M,Antonio,46
CT,M,Alec,34
CT,M,Adrian,32
CT,M,Alexis,19
CT,M,Andre,19
CT,M,Alejandro,17
CT,M,Avery,16
CT,M,Angelo,15
CT,M,Alan,14
CT,M,Allen,12
CT,M,Andres,11
CT,M,Andy,11
CT,M,Arthur,10
CT,M,Albert,9
CT,M,Aiden,8
CT,M,Alexandre,7
CT,M,Alfred,7
CT,M,Alberto,6
CT,M,Alessandro,6
CT,M,Anderson,5
DC,F,Alexandra,38
DC,F,Alexis,32
DC,F,Ashley,31
DC,F,Anna,30
DC,F,Andrea,20
DC,F,Abigail,19
DC,F,Asia,19
DC,F,Angel,17
DC,F,Amanda,16
DC,F,Aniya,14
DC,F,Anne,13
DC,F,Audrey,12
DC,F,Aliyah,11
DC,F,Ariana,11
DC,F,Ava,11
DC,F,Amani,10
DC,F,Amaya,10
DC,F,Angela,10
DC,F,Ana,9
DC,F,Aniyah,9
DC,F,Armani,9
DC,F,Aisha,8
DC,F,Allison,8
DC,F,Amelia,8
DC,F,Amy,8
DC,F,Ariel,8
DC,F,Autumn,8
DC,F,Alexa,7
DC,F,Alyssa,7
DC,F,Amber,7
DC,F,Ann,7
DC,F,Adriana,6
DC,F,Alexandria,6
DC,F,Aaliyah,5
DC,F,Alison,5
DC,F,Amina,5
DC,F,Amira,5
DC,F,Angelica,5
DC,F,Asha,5
DC,F,Avery,5
DC,F,Ayanna,5
DC,M,Anthony,88
DC,M,Alexander,75
DC,M,Andrew,74
DC,M,Aaron,44
DC,M,Antonio,39
DC,M,Aidan,21
DC,M,Andre,20
DC,M,Adam,15
DC,M,Adrian,15
DC,M,Alex,14
DC,M,Andy,12
DC,M,Austin,9
DC,M,Abraham,8
DC,M,Alonzo,8
DC,M,Ahmed,7
DC,M,Alexis,7
DC,M,Amir,7
DC,M,Avery,7
DC,M,Alan,6
DC,M,Alvin,6
DC,M,Amari,6
DC,M,Angel,6
DC,M,Ari,6
DC,M,Arthur,6
DC,M,Antoine,5
DC,M,Anton,5
DE,F,Alexis,61
DE,F,Ashley,41
DE,F,Abigail,38
DE,F,Anna,35
DE,F,Alyssa,33
DE,F,Amanda,27
DE,F,Alexandra,22
DE,F,Allison,12
DE,F,Amber,12
DE,F,Arianna,12
DE,F,Alexa,11
DE,F,Autumn,11
DE,F,Adrianna,10
DE,F,Alexandria,10
DE,F,Amy,10
DE,F,Angela,10
DE,F,Alicia,9
DE,F,Angelina,9
DE,F,Ariana,9
DE,F,Ashlyn,8
DE,F,Audrey,8
DE,F,Ava,8
DE,F,Amaya,7
DE,F,Andrea,7
DE,F,Amelia,6
DE,F,Adriana,5
DE,F,Alexia,5
DE,F,Alondra,5
DE,F,Ana,5
DE,F,Ariel,5
DE,F,Ashlee,5
DE,F,Avery,5
DE,F,Ayanna,5
DE,M,Andrew,75
DE,M,Anthony,60
DE,M,Alexander,57
DE,M,Adam,29
DE,M,Austin,28
DE,M,Aaron,24
DE,M,Alex,13
DE,M,Andre,13
DE,M,Antonio,10
DE,M,Aidan,8
DE,M,Avery,8
DE,M,Adrian,6
DE,M,Alec,6
DE,M,Alexis,5
DE,M,Angel,5
FL,F,Ashley,1022
FL,F,Alexis,886
FL,F,Alyssa,707
FL,F,Amanda,561
FL,F,Abigail,529
FL,F,Alexandra,511
FL,F,Amber,374
FL,F,Anna,338
FL,F,Andrea,299
FL,F,Allison,241
FL,F,Alexa,224
FL,F,Autumn,201
FL,F,Angela,195
FL,F,Alexandria,184
FL,F,Ariana,184
FL,F,Adriana,158
FL,F,Angel,148
FL,F,Arianna,148
FL,F,Ana,143
FL,F,Alexia,137
FL,F,Amy,133
FL,F,Alicia,131
FL,F,Angelica,129
FL,F,Angelina,120
FL,F,Aaliyah,107
FL,F,Ariel,103
FL,F,Adrianna,99
FL,F,Alejandra,93
FL,F,Asia,93
FL,F,Amaya,89
FL,F,Ashlyn,86
FL,F,Audrey,75
FL,F,Ava,73
FL,F,Alana,72
FL,F,Aliyah,68
FL,F,Aubrey,66
FL,F,Alexus,65
FL,F,Anastasia,60
FL,F,Avery,59
FL,F,Amelia,58
FL,F,April,57
FL,F,Ashlee,53
FL,F,Alison,50
FL,F,Allyson,49
FL,F,Abby,48
FL,F,Ashleigh,48
FL,F,Alissa,47
FL,F,Amari,46
FL,F,Alondra,45
FL,F,Arielle,45
FL,F,Ashlynn,45
FL,F,Ayanna,42
FL,F,Angelique,37
FL,F,Ashton,34
FL,F,Alaina,33
FL,F,Aleah,33
FL,F,Angie,32
FL,F,Anne,32
FL,F,Aimee,31
FL,F,Alayna,31
FL,F,Annie,31
FL,F,Armani,31
FL,F,Alisha,29
FL,F,Addison,28
FL,F,Alanna,27
FL,F,Alessandra,27
FL,F,Athena,27
FL,F,Alina,26
FL,F,Aileen,25
FL,F,Alisa,25
FL,F,Antonia,25
FL,F,Aisha,24
FL,F,Allie,24
FL,F,Alma,24
FL,F,Alyson,24
FL,F,Ayana,24
FL,F,Alice,23
FL,F,Anais,23
FL,F,Annabelle,23
FL,F,Aiyana,22
FL,F,Aniya,22
FL,F,Abbey,21
FL,F,Alysa,21
FL,F,Anahi,21
FL,F,Abbie,20
FL,F,Alia,20
FL,F,Alivia,20
FL,F,Alysha,20
FL,F,Ann,20
FL,F,Ansley,20
FL,F,Ashanti,20
FL,F,Aliya,19
FL,F,Ally,19
FL,F,Anaya,19
FL,F,Annika,19
FL,F,Amya,18
FL,F,Aria,18
FL,F,Aryanna,18
FL,F,Aurora,18
FL,F,Adrienne,17
FL,F,Alena,17
FL,F,Aniyah,17
FL,F,Ayla,17
FL,F,Aja,15
FL,F,Alani,15
FL,F,Anissa,15
FL,F,Antoinette,15
FL,F,Antonella,15
FL,F,Alexys,14
FL,F,Aliza,14
FL,F,Alyssia,14
FL,F,Anya,14
FL,F,Aryana,14
FL,F,Aubree,14
FL,F,Abagail,13
FL,F,Abbigail,13
FL,F,Akira,13
FL,F,Allyssa,13
FL,F,Alycia,13
FL,F,Amaris,13
FL,F,Angeline,13
FL,F,Annabel,13
FL,F,Annabella,13
FL,F,Araceli,13
FL,F,Alanis,12
FL,F,Anika,12
FL,F,Anita,12
FL,F,Anjali,12
FL,F,Aracely,12
FL,F,Ashly,12
FL,F,Aubrie,12
FL,F,Alex,11
FL,F,Aliah,11
FL,F,Alliyah,11
FL,F,Amalia,11
FL,F,Amara,11
FL,F,Anabel,11
FL,F,Anabelle,11
FL,F,Annamarie,11
FL,F,Annelise,11
FL,F,Abrianna,10
FL,F,Ada,10
FL,F,Alessia,10
FL,F,Alexandrea,10
FL,F,Alysia,10
FL,F,Amani,10
FL,F,Amiya,10
FL,F,Annalise,10
FL,F,Annette,10
FL,F,Asha,10
FL,F,Ashtyn,10
FL,F,Ayleen,10
FL,F,Alannah,9
FL,F,Alecia,9
FL,F,Aleisha,9
FL,F,Aliana,9
FL,F,Amaiya,9
FL,F,Amaria,9
FL,F,Anabella,9
FL,F,Andie,9
FL,F,Andriana,9
FL,F,Ania,9
FL,F,Anisa,9
FL,F,Annemarie,9
FL,F,Arianne,9
FL,F,Ashante,9
FL,F,Ashlie,9
FL,F,Aspen,9
FL,F,Aysia,9
FL,F,Abigale,8
FL,F,Adela,8
FL,F,Aiyanna,8
FL,F,Alanah,8
FL,F,Alaysha,8
FL,F,Allana,8
FL,F,Amethyst,8
FL,F,Anisha,8
FL,F,Annmarie,8
FL,F,Areli,8
FL,F,Arlene,8
FL,F,Astrid,8
FL,F,Aundrea,8
FL,F,Abril,7
FL,F,Adamaris,7
FL,F,Adeline,7
FL,F,Adrian,7
FL,F,Aislinn,7
FL,F,Alea,7
FL,F,Alesha,7
FL,F,Alexi,7
FL,F,Alize,7
FL,F,Alyse,7
FL,F,Amiah,7
FL,F,Amiyah,7
FL,F,Amyah,7
FL,F,Ananda,7
FL,F,Angelika,7
FL,F,Annalisa,7
FL,F,Ashely,7
FL,F,Aura,7
FL,F,Azaria,7
FL,F,Abigayle,6
FL,F,Adelaide,6
FL,F,Adilene,6
FL,F,Adrianne,6
FL,F,Aiden,6
FL,F,Ajah,6
FL,F,Alara,6
FL,F,Alba,6
FL,F,Allysa,6
FL,F,Alyah,6
FL,F,Amie,6
FL,F,Amina,6
FL,F,Amirah,6
FL,F,Amoni,6
FL,F,Anamaria,6
FL,F,Antonique,6
FL,F,Ariela,6
FL,F,Ashli,6
FL,F,Audra,6
FL,F,Audrianna,6
FL,F,Ayesha,6
FL,F,Aylin,6
FL,F,Aysha,6
FL,F,Acacia,5
FL,F,Aidan,5
FL,F,Ailyn,5
FL,F,Alayah,5
FL,F,Alaysia,5
FL,F,Aleena,5
FL,F,Aleigha,5
FL,F,Alesia,5
FL,F,Alexcia,5
FL,F,Alexsandra,5
FL,F,Alexsis,5
FL,F,Aleyna,5
FL,F,Alora,5
FL,F,Alysse,5
FL,F,Alyze,5
FL,F,Amaia,5
FL,F,Amal,5
FL,F,Ambar,5
FL,F,America,5
FL,F,Anaiya,5
FL,F,Analia,5
FL,F,Analisa,5
FL,F,Anastacia,5
FL,F,Anayah,5
FL,F,Andreana,5
FL,F,Angelia,5
FL,F,Antasia,5
FL,F,Arely,5
FL,F,Ariyana,5
FL,F,Ariyanna,5
FL,F,Armoni,5
FL,F,Aubry,5
FL,F,Autum,5
FL,F,Averi,5
FL,F,Averie,5
FL,F,Aviana,5
FL,F,Aya,5
FL,F,Ayah,5
FL,M,Anthony,1110
FL,M,Alexander,945
FL,M,Andrew,889
FL,M,Austin,767
FL,M,Aaron,358
FL,M,Adam,314
FL,M,Antonio,312
FL,M,Alex,311
FL,M,Alejandro,297
FL,M,Adrian,291
FL,M,Angel,265
FL,M,Andres,189
FL,M,Andre,126
FL,M,Alec,122
FL,M,Aidan,101
FL,M,Alan,97
FL,M,Alexis,89
FL,M,Andy,79
FL,M,Allen,78
FL,M,Armando,71
FL,M,Ashton,64
FL,M,Abraham,59
FL,M,Alberto,57
FL,M,Angelo,57
FL,M,Albert,49
FL,M,Arthur,47
FL,M,Avery,46
FL,M,Arturo,42
FL,M,Antwan,41
FL,M,Ariel,37
FL,M,Ahmad,35
FL,M,Alfredo,35
FL,M,Allan,33
FL,M,Ali,32
FL,M,Aiden,31
FL,M,Axel,31
FL,M,Armani,30
FL,M,Abel,28
FL,M,Alvin,28
FL,M,Alfonso,24
FL,M,Amir,24
FL,M,Alain,23
FL,M,Alfred,21
FL,M,Adonis,20
FL,M,Alexandre,20
FL,M,Alonzo,19
FL,M,Amari,19
FL,M,Alessandro,18
FL,M,Alton,18
FL,M,Alvaro,18
FL,M,Adriel,17
FL,M,Anderson,17
FL,M,Antony,17
FL,M,Ahmed,16
FL,M,Antoine,16
FL,M,Addison,15
FL,M,Adolfo,15
FL,M,Aubrey,14
FL,M,Adan,13
FL,M,Adrien,13
FL,M,Akeem,13
FL,M,Andreas,13
FL,M,Asher,13
FL,M,Alphonso,12
FL,M,Arnold,12
FL,M,Abdiel,11
FL,M,Alexzander,11
FL,M,Ayden,11
FL,M,Agustin,10
FL,M,Antwon,10
FL,M,Aramis,10
FL,M,Austen,10
FL,M,Alexandro,9
FL,M,Alonso,9
FL,M,Alden,8
FL,M,Arron,8
FL,M,Asa,8
FL,M,August,8
FL,M,Augusto,8
FL,M,Abram,7
FL,M,Aden,7
FL,M,Alek,7
FL,M,Andrey,7
FL,M,Aron,7
FL,M,Abdullah,6
FL,M,Adarius,6
FL,M,Aldo,6
FL,M,Amani,6
FL,M,Amaury,6
FL,M,Anton,6
FL,M,Antwuan,6
FL,M,Armand,6
FL,M,Arnaldo,6
FL,M,Austyn,6
FL,M,Alexi,5
FL,M,Alix,5
FL,M,Anders,5
FL,M,Ari,5
FL,M,Arian,5
FL,M,Arman,5
FL,M,Arnulfo,5
FL,M,Ashley,5
FL,M,Aspen,5
GA,F,Alexis,556
GA,F,Ashley,546
GA,F,Anna,492
GA,F,Abigail,413
GA,F,Alyssa,285
GA,F,Amber,254
GA,F,Allison,209
GA,F,Amanda,185
GA,F,Alexandra,158
GA,F,Ansley,151
GA,F,Autumn,150
GA,F,Angel,133
GA,F,Alexandria,129
GA,F,Andrea,110
GA,F,Audrey,110
GA,F,Ashlyn,98
GA,F,Asia,87
GA,F,Ana,86
GA,F,Alicia,83
GA,F,Amelia,81
GA,F,Avery,76
GA,F,Aaliyah,75
GA,F,Ariel,74
GA,F,Amaya,73
GA,F,Amy,73
GA,F,Alexus,72
GA,F,Angela,71
GA,F,Alexia,66
GA,F,Ariana,64
GA,F,Abby,63
GA,F,Adriana,63
GA,F,Alexa,58
GA,F,Ashton,54
GA,F,Addison,49
GA,F,Alondra,48
GA,F,Amari,48
GA,F,Ava,48
GA,F,April,46
GA,F,Ashleigh,46
GA,F,Arianna,45
GA,F,Alana,39
GA,F,Angelica,39
GA,F,Adrianna,38
GA,F,Aubrey,38
GA,F,Ashlee,34
GA,F,Aliyah,33
GA,F,Annie,32
GA,F,Alejandra,31
GA,F,Allyson,31
GA,F,Ayanna,31
GA,F,Alissa,30
GA,F,Allie,30
GA,F,Alaina,29
GA,F,Aniya,28
GA,F,Anne,28
GA,F,Alisha,27
GA,F,Angelina,27
GA,F,Alison,26
GA,F,Amya,25
GA,F,Abbigail,24
GA,F,Anastasia,24
GA,F,Anahi,23
GA,F,Amiya,22
GA,F,Ashanti,21
GA,F,Alayna,20
GA,F,Aisha,19
GA,F,Anaya,19
GA,F,Abbie,18
GA,F,Adrienne,18
GA,F,Annabelle,18
GA,F,Asha,18
GA,F,Ashlynn,18
GA,F,Ayana,18
GA,F,Abbey,17
GA,F,Alice,17
GA,F,Alma,16
GA,F,Alyson,16
GA,F,Amberly,16
GA,F,Ansleigh,16
GA,F,Abigale,15
GA,F,Aleah,15
GA,F,Alisa,15
GA,F,Amani,15
GA,F,Anslee,15
GA,F,Armani,15
GA,F,Anya,14
GA,F,Arielle,14
GA,F,Aubree,14
GA,F,Alanna,13
GA,F,Alia,13
GA,F,Aniyah,13
GA,F,Ann,13
GA,F,Aspen,13
GA,F,Adeline,12
GA,F,Aimee,12
GA,F,Aiyana,12
GA,F,Aja,12
GA,F,Akira,12
GA,F,Angie,12
GA,F,Antonia,12
GA,F,Adrian,11
GA,F,Alena,11
GA,F,Annalise,11
GA,F,Aracely,11
GA,F,Abigayle,10
GA,F,Abril,10
GA,F,Aleigha,10
GA,F,Alexcia,10
GA,F,Aliya,10
GA,F,Alliyah,10
GA,F,Ally,10
GA,F,Alysia,10
GA,F,Amia,10
GA,F,Annika,10
GA,F,Araceli,10
GA,F,Aria,10
GA,F,Aurora,10
GA,F,Azaria,10
GA,F,Abrianna,9
GA,F,Addie,9
GA,F,Adia,9
GA,F,Alexius,9
GA,F,Amina,9
GA,F,Aminata,9
GA,F,Anita,9
GA,F,Annamarie,9
GA,F,Arely,9
GA,F,Aliah,8
GA,F,Alivia,8
GA,F,Alycia,8
GA,F,Alyssia,8
GA,F,Amaiya,8
GA,F,Amara,8
GA,F,Amira,8
GA,F,Anabel,8
GA,F,Anika,8
GA,F,Ashli,8
GA,F,Aiyanna,7
GA,F,Alden,7
GA,F,Alina,7
GA,F,Alysha,7
GA,F,Anabelle,7
GA,F,Ananda,7
GA,F,Antoinette,7
GA,F,Ayesha,7
GA,F,Abagail,6
GA,F,Adelaide,6
GA,F,Alaysia,6
GA,F,Alea,6
GA,F,Alex,6
GA,F,Alexys,6
GA,F,Amie,6
GA,F,Amil,6
GA,F,Angelique,6
GA,F,Ania,6
GA,F,Antionette,6
GA,F,Ariyanna,6
GA,F,Aryn,6
GA,F,Ashely,6
GA,F,Ashlan,6
GA,F,Ayah,6
GA,F,Azia,6
GA,F,Adaline,5
GA,F,Adamaris,5
GA,F,Adela,5
GA,F,Adrianne,5
GA,F,Aileen,5
GA,F,Akia,5
GA,F,Alexandrea,5
GA,F,Aliza,5
GA,F,Allyssa,5
GA,F,Alysa,5
GA,F,Amaria,5
GA,F,Ambria,5
GA,F,Amunet,5
GA,F,Annalee,5
GA,F,Anslie,5
GA,F,Arden,5
GA,F,Arial,5
GA,F,Armoni,5
GA,F,Ashlin,5
GA,F,Asya,5
GA,F,Aubrie,5
GA,F,Averie,5
GA,F,Aya,5
GA,F,Ayla,5
GA,F,Aylin,5
GA,F,Aysia,5
GA,M,Andrew,650
GA,M,Austin,621
GA,M,Alexander,436
GA,M,Anthony,421
GA,M,Aaron,266
GA,M,Adam,194
GA,M,Antonio,182
GA,M,Alex,175
GA,M,Adrian,106
GA,M,Angel,88
GA,M,Alan,79
GA,M,Avery,77
GA,M,Alejandro,66
GA,M,Alexis,64
GA,M,Ashton,62
GA,M,Aidan,56
GA,M,Andre,53
GA,M,Alec,45
GA,M,Allen,42
GA,M,Andy,35
GA,M,Andres,34
GA,M,Amir,31
GA,M,Abraham,26
GA,M,Albert,26
GA,M,Arthur,26
GA,M,Armando,23
GA,M,Arturo,23
GA,M,Alonzo,22
GA,M,Addison,21
GA,M,Ahmad,20
GA,M,Axel,20
GA,M,Aiden,19
GA,M,Alberto,19
GA,M,Antwan,19
GA,M,Amari,18
GA,M,Antoine,18
GA,M,Asa,17
GA,M,Alfredo,16
GA,M,Aubrey,16
GA,M,Alton,15
GA,M,Ahmed,14
GA,M,Alvaro,14
GA,M,Alden,13
GA,M,Adan,12
GA,M,Adonis,12
GA,M,Alfonso,12
GA,M,Ali,12
GA,M,Alvin,12
GA,M,Alfred,11
GA,M,Angelo,11
GA,M,Adolfo,10
GA,M,Anderson,10
GA,M,Antavious,10
GA,M,Asher,10
GA,M,Ashley,10
GA,M,Ameer,9
GA,M,Augustus,9
GA,M,Adrain,8
GA,M,Agustin,8
GA,M,Ayden,8
GA,M,Abdul,7
GA,M,Abel,7
GA,M,Aldo,7
GA,M,Aric,7
GA,M,Austen,7
GA,M,Abram,6
GA,M,Adarius,6
GA,M,Ajani,6
GA,M,Aman,6
GA,M,Anton,6
GA,M,Antony,6
GA,M,Antwon,6
GA,M,Armani,6
GA,M,Auston,6
GA,M,Abdullah,5
GA,M,Akeem,5
GA,M,Alessandro,5
GA,M,Allan,5
GA,M,Alon,5
GA,M,Alston,5
GA,M,Armand,5
GA,M,Arnold,5
HI,F,Alyssa,61
HI,F,Ashley,59
HI,F,Alexis,45
HI,F,Anna,27
HI,F,Abigail,23
HI,F,Amber,22
HI,F,Amanda,20
HI,F,Alexandra,15
HI,F,Angela,15
HI,F,Alana,13
HI,F,Ariana,13
HI,F,Allison,12
HI,F,Angelica,12
HI,F,Alexandria,11
HI,F,Ava,11
HI,F,Anuhea,10
HI,F,Andrea,9
HI,F,Anela,9
HI,F,Angel,9
HI,F,Asia,9
HI,F,Alicia,8
HI,F,Angelina,8
HI,F,Ashlyn,8
HI,F,Alexia,7
HI,F,Aliyah,7
HI,F,Amelia,7
HI,F,Alena,6
HI,F,Alisa,6
HI,F,Amy,6
HI,F,April,6
HI,F,Arianna,6
HI,F,Ariel,6
HI,F,Audrey,6
HI,F,Autumn,6
HI,F,Alexa,5
HI,F,Alissa,5
HI,F,Aubrey,5
HI,M,Andrew,60
HI,M,Austin,50
HI,M,Aaron,42
HI,M,Alexander,42
HI,M,Anthony,40
HI,M,Alex,20
HI,M,Adam,18
HI,M,Aidan,16
HI,M,Alika,13
HI,M,Antonio,12
HI,M,Adrian,9
HI,M,Andre,9
HI,M,Alan,8
HI,M,Albert,8
HI,M,Angel,8
HI,M,Abraham,7
HI,M,Alec,7
HI,M,Allen,7
HI,M,Aiden,5
HI,M,Aukai,5
IA,F,Alexis,245
IA,F,Anna,185
IA,F,Abigail,174
IA,F,Ashley,161
IA,F,Alyssa,137
IA,F,Allison,109
IA,F,Amber,72
IA,F,Amanda,58
IA,F,Autumn,55
IA,F,Alexandra,53
IA,F,Alexa,47
IA,F,Andrea,47
IA,F,Alexandria,46
IA,F,Abby,34
IA,F,Amy,34
IA,F,Aubrey,29
IA,F,Avery,25
IA,F,Ashlyn,23
IA,F,Alicia,22
IA,F,Angel,22
IA,F,Angela,21
IA,F,Audrey,21
IA,F,Allyson,20
IA,F,Ana,20
IA,F,Allie,19
IA,F,Adrianna,18
IA,F,Adriana,17
IA,F,Alexia,17
IA,F,Alison,17
IA,F,Alissa,17
IA,F,Addison,16
IA,F,Amelia,15
IA,F,Ashlynn,15
IA,F,Ashton,15
IA,F,Ava,15
IA,F,Alaina,14
IA,F,Alana,14
IA,F,Alivia,14
IA,F,Alondra,14
IA,F,April,14
IA,F,Ariana,14
IA,F,Aubree,14
IA,F,Anne,13
IA,F,Abbie,12
IA,F,Arianna,12
IA,F,Ashlee,12
IA,F,Abbigail,10
IA,F,Aleah,10
IA,F,Amaya,10
IA,F,Aspen,10
IA,F,Aaliyah,9
IA,F,Alayna,9
IA,F,Alejandra,9
IA,F,Alexus,9
IA,F,Annabelle,9
IA,F,Abigayle,8
IA,F,Alex,8
IA,F,Aliyah,8
IA,F,Alyson,8
IA,F,Angelica,8
IA,F,Annie,8
IA,F,Ariel,8
IA,F,Addie,7
IA,F,Alanna,7
IA,F,Alisha,7
IA,F,Angelina,7
IA,F,Ashleigh,7
IA,F,Asia,7
IA,F,Aubrie,7
IA,F,Aurora,7
IA,F,Ajla,6
IA,F,Ali,6
IA,F,Ally,6
IA,F,Annika,6
IA,F,Audra,6
IA,F,Abigale,5
IA,F,Adeline,5
IA,F,Alexys,5
IA,F,Alice,5
IA,F,Alisa,5
IA,F,Ann,5
IA,F,Annabel,5
IA,M,Austin,273
IA,M,Andrew,248
IA,M,Alexander,192
IA,M,Anthony,123
IA,M,Aaron,104
IA,M,Alex,103
IA,M,Adam,97
IA,M,Alec,42
IA,M,Adrian,29
IA,M,Avery,29
IA,M,Antonio,27
IA,M,Aidan,17
IA,M,Aiden,14
IA,M,Angel,14
IA,M,Alexis,13
IA,M,Alan,12
IA,M,Alejandro,12
IA,M,Ashton,12
IA,M,Abraham,9
IA,M,Allen,9
IA,M,Arthur,9
IA,M,Adan,8
IA,M,Addison,8
IA,M,Andres,8
IA,M,Andy,8
IA,M,Andre,5
IA,M,August,5
ID,F,Ashley,84
ID,F,Alexis,81
ID,F,Abigail,66
ID,F,Alyssa,64
ID,F,Anna,54
ID,F,Alexandra,30
ID,F,Amanda,27
ID,F,Amber,26
ID,F,Aubrey,26
ID,F,Ashlyn,23
ID,F,Amy,18
ID,F,Audrey,18
ID,F,Autumn,18
ID,F,Alexa,17
ID,F,Abby,16
ID,F,Adriana,16
ID,F,Allison,16
ID,F,Aspen,16
ID,F,Angela,15
ID,F,Ariana,15
ID,F,Avery,15
ID,F,Addison,14
ID,F,Alicia,14
ID,F,Andrea,14
ID,F,Alexandria,13
ID,F,Ashlee,13
ID,F,Adrianna,12
ID,F,Angelica,12
ID,F,Amaya,10
ID,F,Alexia,9
ID,F,Angelina,8
ID,F,Abbie,7
ID,F,Alejandra,7
ID,F,Ana,7
ID,F,Anahi,7
ID,F,Anne,7
ID,F,Annika,7
ID,F,Arianna,7
ID,F,Ashleigh,7
ID,F,Alaina,6
ID,F,Alisha,6
ID,F,Alissa,6
ID,F,Allie,6
ID,F,Ashlie,6
ID,F,Ashlynn,6
ID,F,Abbey,5
ID,F,Abbigail,5
ID,F,Adeline,5
ID,F,Alexus,5
ID,F,Alexys,5
ID,F,Alison,5
ID,F,Aliya,5
ID,F,Alondra,5
ID,F,Amelia,5
ID,F,Annie,5
ID,F,April,5
ID,F,Ashton,5
ID,F,Aubree,5
ID,F,Aurora,5
ID,M,Andrew,101
ID,M,Austin,99
ID,M,Alexander,72
ID,M,Anthony,57
ID,M,Adam,51
ID,M,Aaron,40
ID,M,Alex,40
ID,M,Antonio,24
ID,M,Adrian,22
ID,M,Aidan,19
ID,M,Angel,18
ID,M,Alec,15
ID,M,Alejandro,14
ID,M,Ashton,13
ID,M,Abraham,8
ID,M,Aiden,8
ID,M,Alan,8
ID,M,Andres,8
ID,M,Andy,8
ID,M,Armando,8
ID,M,Abram,6
ID,M,Allen,6
ID,M,Andre,6
ID,M,Auston,6
ID,M,Albert,5
ID,M,Alexis,5
ID,M,Asher,5
IL,F,Alexis,846
IL,F,Ashley,723
IL,F,Alyssa,632
IL,F,Abigail,595
IL,F,Anna,475
IL,F,Amanda,405
IL,F,Alexandra,369
IL,F,Allison,295
IL,F,Andrea,272
IL,F,Amber,195
IL,F,Ariana,190
IL,F,Alexandria,172
IL,F,Alexa,160
IL,F,Angela,155
IL,F,Autumn,152
IL,F,Amy,146
IL,F,Adriana,144
IL,F,Alicia,138
IL,F,Audrey,136
IL,F,Angelica,132
IL,F,Alondra,131
IL,F,Arianna,123
IL,F,Ana,116
IL,F,Angel,101
IL,F,Angelina,90
IL,F,Alexia,89
IL,F,Anne,88
IL,F,Ariel,88
IL,F,Alejandra,87
IL,F,Asia,79
IL,F,Amaya,75
IL,F,Abby,70
IL,F,Allyson,70
IL,F,Ava,70
IL,F,Aaliyah,69
IL,F,Alison,68
IL,F,Amelia,63
IL,F,Anahi,61
IL,F,Anastasia,57
IL,F,Amari,55
IL,F,April,53
IL,F,Alexus,49
IL,F,Ashlyn,48
IL,F,Alaina,47
IL,F,Alissa,47
IL,F,Avery,47
IL,F,Adrianna,45
IL,F,Aliyah,43
IL,F,Abbey,41
IL,F,Addison,40
IL,F,Alana,39
IL,F,Aubrey,39
IL,F,Araceli,37
IL,F,Alma,36
IL,F,Ashlee,32
IL,F,Alice,31
IL,F,Angelique,31
IL,F,Annie,31
IL,F,Ayanna,31
IL,F,Alina,30
IL,F,Alanna,28
IL,F,Aniya,28
IL,F,Annika,28
IL,F,Ashleigh,28
IL,F,Amya,27
IL,F,Ann,26
IL,F,Alyson,25
IL,F,Antonia,25
IL,F,Arielle,25
IL,F,Ashton,25
IL,F,America,24
IL,F,Annette,24
IL,F,Alayna,23
IL,F,Alivia,23
IL,F,Annabelle,23
IL,F,Abril,21
IL,F,Adrienne,21
IL,F,Alisha,21
IL,F,Aja,20
IL,F,Alia,20
IL,F,Allie,20
IL,F,Arely,20
IL,F,Ashlynn,20
IL,F,Aurora,20
IL,F,Abbigail,19
IL,F,Aisha,19
IL,F,Aleksandra,19
IL,F,Abbie,18
IL,F,Abigayle,18
IL,F,Anika,18
IL,F,Anya,18
IL,F,Armani,18
IL,F,Aileen,17
IL,F,Anais,17
IL,F,Angie,17
IL,F,Anita,17
IL,F,Areli,17
IL,F,Ashanti,17
IL,F,Aleah,16
IL,F,Ayana,16
IL,F,Alessandra,15
IL,F,Alexandrea,15
IL,F,Aniyah,15
IL,F,Athena,15
IL,F,Abagail,14
IL,F,Adilene,14
IL,F,Aimee,14
IL,F,Alecia,14
IL,F,Allyssa,14
IL,F,Amira,13
IL,F,Anabel,13
IL,F,Aylin,13
IL,F,Adamaris,12
IL,F,Alena,12
IL,F,Ali,12
IL,F,Aliya,12
IL,F,Alize,12
IL,F,Amani,12
IL,F,Amina,12
IL,F,Angeles,12
IL,F,Annalise,12
IL,F,Aracely,12
IL,F,Alisa,11
IL,F,Ally,11
IL,F,Annabel,11
IL,F,Annaliese,11
IL,F,Annamarie,11
IL,F,Arionna,11
IL,F,Aryana,11
IL,F,Asha,11
IL,F,Aspen,11
IL,F,Adeline,10
IL,F,Amalia,10
IL,F,Amara,10
IL,F,Amaria,10
IL,F,Amiya,10
IL,F,Anaya,10
IL,F,Anayeli,10
IL,F,Anjali,10
IL,F,Antoinette,10
IL,F,Ashly,10
IL,F,Ayesha,10
IL,F,Adela,9
IL,F,Alexi,9
IL,F,Amaris,9
IL,F,Amiyah,9
IL,F,Angelika,9
IL,F,Annemarie,9
IL,F,Audra,9
IL,F,Ayla,9
IL,F,Aiyanna,8
IL,F,Alex,8
IL,F,Alexys,8
IL,F,Alise,8
IL,F,Alliyah,8
IL,F,Amia,8
IL,F,Andria,8
IL,F,Angeline,8
IL,F,Aria,8
IL,F,Aryanna,8
IL,F,Ayleen,8
IL,F,Azaria,8
IL,F,Abbigale,7
IL,F,Abigael,7
IL,F,Abigale,7
IL,F,Agnes,7
IL,F,Aiyana,7
IL,F,Aleena,7
IL,F,Aliza,7
IL,F,Alysa,7
IL,F,Amariah,7
IL,F,Analise,7
IL,F,Anisha,7
IL,F,Anja,7
IL,F,Arlene,7
IL,F,Ashlin,7
IL,F,Aya,7
IL,F,Ayah,7
IL,F,Aarushi,6
IL,F,Abriana,6
IL,F,Abrianna,6
IL,F,Adelaide,6
IL,F,Adina,6
IL,F,Aditi,6
IL,F,Akilah,6
IL,F,Alexie,6
IL,F,Alli,6
IL,F,Alysha,6
IL,F,Alysia,6
IL,F,Alyssia,6
IL,F,Ananda,6
IL,F,Ania,6
IL,F,Arden,6
IL,F,Aries,6
IL,F,Arika,6
IL,F,Ariyana,6
IL,F,Arleth,6
IL,F,Ashtyn,6
IL,F,Asma,6
IL,F,Aspyn,6
IL,F,Autum,6
IL,F,Aviance,6
IL,F,Abaigeal,5
IL,F,Adia,5
IL,F,Adrian,5
IL,F,Akayla,5
IL,F,Alessia,5
IL,F,Alexsandra,5
IL,F,Aliana,5
IL,F,Allysa,5
IL,F,Alycia,5
IL,F,Alyna,5
IL,F,Amairani,5
IL,F,Amaiya,5
IL,F,Amal,5
IL,F,Ambria,5
IL,F,Aminah,5
IL,F,Amna,5
IL,F,Analisa,5
IL,F,Andreina,5
IL,F,Andrianna,5
IL,F,Anel,5
IL,F,Angelena,5
IL,F,Angelic,5
IL,F,Anisa,5
IL,F,Anissa,5
IL,F,Annabella,5
IL,F,Annelise,5
IL,F,Annmarie,5
IL,F,Antonette,5
IL,F,Anushka,5
IL,F,Anyssa,5
IL,F,Areanna,5
IL,F,Ariadna,5
IL,F,Arica,5
IL,F,Arriel,5
IL,F,Ashia,5
IL,F,Aubry,5
IL,M,Anthony,1004
IL,M,Andrew,973
IL,M,Alexander,942
IL,M,Austin,579
IL,M,Adam,389
IL,M,Angel,358
IL,M,Aaron,340
IL,M,Alex,328
IL,M,Alejandro,299
IL,M,Adrian,294
IL,M,Antonio,289
IL,M,Alexis,195
IL,M,Alec,153
IL,M,Aidan,138
IL,M,Andres,115
IL,M,Alan,114
IL,M,Andre,89
IL,M,Armando,78
IL,M,Alfredo,71
IL,M,Arturo,71
IL,M,Andy,62
IL,M,Abraham,61
IL,M,Allen,60
IL,M,Angelo,60
IL,M,Alberto,58
IL,M,Arthur,52
IL,M,Ali,41
IL,M,Axel,41
IL,M,Albert,40
IL,M,Abel,35
IL,M,Agustin,33
IL,M,Armani,31
IL,M,Ahmad,30
IL,M,Amari,30
IL,M,Avery,30
IL,M,Ahmed,29
IL,M,Ashton,29
IL,M,Adolfo,27
IL,M,Aiden,27
IL,M,Alvin,27
IL,M,Alonzo,24
IL,M,Antoine,24
IL,M,Adan,22
IL,M,Alvaro,21
IL,M,Alfonso,20
IL,M,August,20
IL,M,Amir,19
IL,M,Antwan,19
IL,M,Addison,17
IL,M,Aron,17
IL,M,Aldo,16
IL,M,Alfred,15
IL,M,Ameer,15
IL,M,Abdullah,14
IL,M,Allan,14
IL,M,Austen,14
IL,M,Austyn,14
IL,M,Armon,13
IL,M,Ayden,13
IL,M,Ajay,12
IL,M,Anton,12
IL,M,Asa,12
IL,M,Alexandro,11
IL,M,Alonso,11
IL,M,Antwon,11
IL,M,Armond,11
IL,M,Asher,11
IL,M,Abram,10
IL,M,Aman,10
IL,M,Alek,9
IL,M,Aleksandar,9
IL,M,Aleksander,9
IL,M,Ammar,9
IL,M,Ari,9
IL,M,Arman,9
IL,M,Arnold,9
IL,M,Aden,8
IL,M,Adonis,8
IL,M,Alessandro,8
IL,M,Anakin,8
IL,M,Anderson,8
IL,M,Arjun,8
IL,M,Avi,8
IL,M,Adalberto,7
IL,M,Alden,7
IL,M,Amado,7
IL,M,Amani,7
IL,M,Amar,7
IL,M,Andreas,7
IL,M,Antony,7
IL,M,Ariel,7
IL,M,Avonte,7
IL,M,Abelardo,6
IL,M,Abhay,6
IL,M,Adrien,6
IL,M,Akash,6
IL,M,Anders,6
IL,M,Antione,6
IL,M,Antonino,6
IL,M,Antwain,6
IL,M,Arion,6
IL,M,Armand,6
IL,M,Ashwin,6
IL,M,Aurelio,6
IL,M,Avante,6
IL,M,Abdul,5
IL,M,Abner,5
IL,M,Adin,5
IL,M,Adnan,5
IL,M,Adriel,5
IL,M,Aldair,5
IL,M,Alexzander,5
IL,M,Alfonzo,5
IL,M,Alphonso,5
IL,M,Alton,5
IL,M,Amaan,5
IL,M,Amarion,5
IL,M,Anish,5
IL,M,Areeb,5
IL,M,Artemio,5
IL,M,Augustin,5
IL,M,Augustus,5
IL,M,Avion,5
IL,M,Ayaan,5
IN,F,Alexis,498
IN,F,Abigail,421
IN,F,Ashley,326
IN,F,Alyssa,304
IN,F,Anna,243
IN,F,Allison,198
IN,F,Amanda,149
IN,F,Autumn,131
IN,F,Alexandra,116
IN,F,Amber,115
IN,F,Andrea,104
IN,F,Audrey,101
IN,F,Alexandria,96
IN,F,Alexa,76
IN,F,Angel,66
IN,F,Arianna,59
IN,F,Amy,55
IN,F,Ashlyn,54
IN,F,Angela,53
IN,F,Aubrey,53
IN,F,Ariana,52
IN,F,Alicia,50
IN,F,Abby,43
IN,F,Ava,43
IN,F,Alexia,42
IN,F,Avery,42
IN,F,Allyson,41
IN,F,Adrianna,40
IN,F,Ariel,40
IN,F,Addison,39
IN,F,Adriana,37
IN,F,Alexus,35
IN,F,Amelia,34
IN,F,Ana,32
IN,F,Alissa,30
IN,F,Ashlee,30
IN,F,Angelica,29
IN,F,Alaina,28
IN,F,Amaya,28
IN,F,April,28
IN,F,Ashlynn,28
IN,F,Alana,27
IN,F,Alison,27
IN,F,Asia,26
IN,F,Aaliyah,25
IN,F,Alayna,25
IN,F,Ashton,25
IN,F,Alondra,23
IN,F,Anastasia,23
IN,F,Annie,23
IN,F,Abbigail,21
IN,F,Anne,21
IN,F,Alisha,20
IN,F,Alivia,19
IN,F,Adrienne,18
IN,F,Angelina,18
IN,F,Aubree,18
IN,F,Alyson,17
IN,F,Annabelle,16
IN,F,Alejandra,15
IN,F,Aleah,14
IN,F,Aliyah,14
IN,F,Annika,14
IN,F,Anita,13
IN,F,Ann,13
IN,F,Abbey,12
IN,F,Allie,12
IN,F,Ally,12
IN,F,Antonia,12
IN,F,Ashleigh,12
IN,F,Aspen,12
IN,F,Aubrie,12
IN,F,Audra,12
IN,F,Aurora,12
IN,F,Abigayle,11
IN,F,Alice,11
IN,F,Alysa,11
IN,F,Abbie,10
IN,F,Adeline,10
IN,F,Adrian,10
IN,F,Allyssa,10
IN,F,Alysha,10
IN,F,Aniya,10
IN,F,Abigale,9
IN,F,Alanna,9
IN,F,Alexandrea,9
IN,F,Alia,9
IN,F,Aliza,9
IN,F,Alyvia,9
IN,F,Amara,9
IN,F,Amya,9
IN,F,Athena,9
IN,F,Angelique,8
IN,F,Aniyah,8
IN,F,Annemarie,8
IN,F,Ayanna,8
IN,F,Alexi,7
IN,F,Alina,7
IN,F,Alisa,7
IN,F,Alysia,7
IN,F,Alyssia,7
IN,F,Amani,7
IN,F,Anya,7
IN,F,Armani,7
IN,F,Abagail,6
IN,F,Abrianna,6
IN,F,Addie,6
IN,F,Adison,6
IN,F,Aimee,6
IN,F,Alena,6
IN,F,Alex,6
IN,F,Aliya,6
IN,F,Alma,6
IN,F,Amiya,6
IN,F,Anika,6
IN,F,Asha,6
IN,F,Ashtyn,6
IN,F,Ayla,6
IN,F,Alexius,5
IN,F,Ali,5
IN,F,Amari,5
IN,F,Anabel,5
IN,F,Anayeli,5
IN,F,Anissa,5
IN,F,Annamarie,5
IN,F,Annastasia,5
IN,F,Areonna,5
IN,F,Aria,5
IN,F,Arielle,5
IN,F,Arionna,5
IN,F,Ashia,5
IN,F,Audrianna,5
IN,M,Austin,639
IN,M,Andrew,637
IN,M,Alexander,399
IN,M,Anthony,308
IN,M,Aaron,247
IN,M,Adam,225
IN,M,Alex,170
IN,M,Alec,96
IN,M,Antonio,70
IN,M,Adrian,62
IN,M,Aidan,57
IN,M,Angel,40
IN,M,Ashton,40
IN,M,Avery,39
IN,M,Alan,38
IN,M,Alejandro,37
IN,M,Andre,30
IN,M,Allen,25
IN,M,Aiden,19
IN,M,Abraham,17
IN,M,Andres,17
IN,M,Alexis,15
IN,M,Angelo,15
IN,M,Amos,14
IN,M,Allan,13
IN,M,Addison,12
IN,M,Andy,11
IN,M,Antoine,11
IN,M,Austyn,11
IN,M,Albert,10
IN,M,Alberto,10
IN,M,Arthur,10
IN,M,August,10
IN,M,Abel,9
IN,M,Alvin,9
IN,M,Austen,9
IN,M,Armando,8
IN,M,Alfredo,7
IN,M,Asa,7
IN,M,Asher,7
IN,M,Auston,7
IN,M,Axel,7
IN,M,Abram,6
IN,M,Alexzander,6
IN,M,Amir,6
IN,M,Andreas,6
IN,M,Arron,6
IN,M,Arturo,6
IN,M,Aden,5
IN,M,Agustin,5
IN,M,Ali,5
IN,M,Alonzo,5
IN,M,Amari,5
IN,M,Antwan,5
IN,M,Aric,5
IN,M,Ayden,5
KS,F,Alexis,172
KS,F,Abigail,162
KS,F,Ashley,148
KS,F,Alyssa,133
KS,F,Anna,125
KS,F,Allison,81
KS,F,Amanda,65
KS,F,Alexandra,58
KS,F,Amber,48
KS,F,Andrea,46
KS,F,Audrey,40
KS,F,Alexandria,39
KS,F,Amy,35
KS,F,Addison,34
KS,F,Autumn,34
KS,F,Alicia,32
KS,F,Avery,32
KS,F,Angela,30
KS,F,Ashlyn,30
KS,F,Aubrey,28
KS,F,Alexa,26
KS,F,Angel,26
KS,F,Ashton,26
KS,F,Adriana,24
KS,F,Ariana,23
KS,F,Arianna,22
KS,F,Ava,22
KS,F,Abby,21
KS,F,Alaina,21
KS,F,Alexia,21
KS,F,Adrianna,18
KS,F,Alissa,18
KS,F,Alondra,17
KS,F,Angelina,17
KS,F,Ashlynn,17
KS,F,Aaliyah,16
KS,F,Anne,16
KS,F,Alejandra,15
KS,F,Allyson,15
KS,F,Ana,15
KS,F,Angelica,15
KS,F,Alison,14
KS,F,Ariel,14
KS,F,Amaya,13
KS,F,Amelia,13
KS,F,Ashlee,13
KS,F,Alexus,12
KS,F,Allie,12
KS,F,April,11
KS,F,Alayna,10
KS,F,Aurora,10
KS,F,Abbey,9
KS,F,Abbigail,9
KS,F,Alisha,9
KS,F,Annie,9
KS,F,Alana,8
KS,F,Annabelle,8
KS,F,Athena,8
KS,F,Adison,7
KS,F,Aliyah,7
KS,F,Ally,7
KS,F,Anastasia,7
KS,F,Annalise,7
KS,F,Aspen,7
KS,F,Abbie,6
KS,F,Abigayle,6
KS,F,Adrienne,6
KS,F,Alia,6
KS,F,Amari,6
KS,F,Anahi,6
KS,F,Ashleigh,6
KS,F,Ayanna,6
KS,F,Abagail,5
KS,F,Aimee,5
KS,F,Aiyana,5
KS,F,Alexys,5
KS,F,Allissa,5
KS,F,Allyssa,5
KS,F,Alyson,5
KS,F,Ashtyn,5
KS,F,Asia,5
KS,F,Aubree,5
KS,M,Andrew,236
KS,M,Austin,211
KS,M,Alexander,161
KS,M,Anthony,137
KS,M,Aaron,100
KS,M,Adam,81
KS,M,Alex,69
KS,M,Alejandro,41
KS,M,Adrian,39
KS,M,Antonio,33
KS,M,Angel,32
KS,M,Alec,30
KS,M,Aidan,28
KS,M,Alexis,20
KS,M,Avery,20
KS,M,Andres,15
KS,M,Abraham,14
KS,M,Alan,14
KS,M,Andre,14
KS,M,Ashton,12
KS,M,Allen,10
KS,M,Aiden,9
KS,M,Alfredo,9
KS,M,Alonso,7
KS,M,Aric,7
KS,M,Armando,7
KS,M,Aron,7
KS,M,Arturo,7
KS,M,Adan,6
KS,M,Albert,6
KS,M,Andy,6
KS,M,Arthur,6
KS,M,Addison,5
KS,M,Alfred,5
KS,M,Angelo,5
KS,M,Asa,5
KS,M,Austen,5
KS,M,Axel,5
KY,F,Alexis,319
KY,F,Ashley,269
KY,F,Abigail,192
KY,F,Alyssa,187
KY,F,Anna,164
KY,F,Amber,153
KY,F,Allison,134
KY,F,Autumn,114
KY,F,Amanda,82
KY,F,Alexandria,65
KY,F,Andrea,58
KY,F,Angel,57
KY,F,Alexandra,54
KY,F,Audrey,50
KY,F,Abby,40
KY,F,Avery,40
KY,F,Ashton,35
KY,F,Alexa,33
KY,F,Angela,32
KY,F,Alexia,31
KY,F,Alicia,30
KY,F,Amy,29
KY,F,Alexus,28
KY,F,Amelia,23
KY,F,Ashlyn,23
KY,F,Allyson,22
KY,F,Ashlee,22
KY,F,Allie,21
KY,F,Addison,20
KY,F,Ariel,20
KY,F,Ann,19
KY,F,April,19
KY,F,Aubrey,19
KY,F,Alison,18
KY,F,Alissa,18
KY,F,Amaya,18
KY,F,Anne,18
KY,F,Ashleigh,18
KY,F,Asia,16
KY,F,Abbigail,15
KY,F,Adrianna,15
KY,F,Alaina,15
KY,F,Alana,14
KY,F,Alyson,14
KY,F,Annie,14
KY,F,Aaliyah,13
KY,F,Alisha,13
KY,F,Adriana,12
KY,F,Alivia,12
KY,F,Adrienne,11
KY,F,Ava,11
KY,F,Abigayle,10
KY,F,Arianna,10
KY,F,Ashtyn,10
KY,F,Aleah,9
KY,F,Aliyah,9
KY,F,Ally,9
KY,F,Ariana,9
KY,F,Abagail,8
KY,F,Abbey,8
KY,F,Abbie,8
KY,F,Adrian,8
KY,F,Alayna,8
KY,F,Aleigha,8
KY,F,Alice,8
KY,F,Anastasia,8
KY,F,Angelica,8
KY,F,Ashlynn,8
KY,F,Abbigale,6
KY,F,Aimee,6
KY,F,Amari,6
KY,F,Amie,6
KY,F,Angelina,6
KY,F,Aniya,6
KY,F,Abigale,5
KY,F,Alecia,5
KY,F,Alexandrea,5
KY,F,Allyssa,5
KY,F,Amara,5
KY,F,Amya,5
KY,F,Ana,5
KY,F,Annemarie,5
KY,M,Austin,500
KY,M,Andrew,321
KY,M,Alexander,184
KY,M,Anthony,176
KY,M,Aaron,165
KY,M,Adam,113
KY,M,Alex,85
KY,M,Alec,33
KY,M,Aidan,29
KY,M,Ashton,29
KY,M,Adrian,28
KY,M,Avery,24
KY,M,Antonio,23
KY,M,Allen,15
KY,M,Alan,13
KY,M,Albert,9
KY,M,Alexis,9
KY,M,Andy,9
KY,M,Ahmad,8
KY,M,Alejandro,8
KY,M,Andre,8
KY,M,Aiden,6
KY,M,Alvin,6
KY,M,Arthur,6
KY,M,Austyn,6
KY,M,Ayden,6
KY,M,Asa,5
KY,M,Augustus,5
LA,F,Alexis,381
LA,F,Alyssa,198
LA,F,Ashley,193
LA,F,Anna,183
LA,F,Abigail,151
LA,F,Amber,131
LA,F,Angel,86
LA,F,Alexandra,81
LA,F,Ashlyn,67
LA,F,Asia,67
LA,F,Allison,64
LA,F,Amanda,62
LA,F,Aaliyah,59
LA,F,Abby,56
LA,F,Ariel,46
LA,F,Amaya,44
LA,F,Andrea,41
LA,F,Alaina,38
LA,F,Allie,35
LA,F,Alexia,34
LA,F,Avery,32
LA,F,Audrey,31
LA,F,Autumn,31
LA,F,Alicia,30
LA,F,Alayna,29
LA,F,Alexus,29
LA,F,Ariana,29
LA,F,Arianna,29
LA,F,Alexa,28
LA,F,Ava,27
LA,F,Addison,26
LA,F,Ayanna,24
LA,F,Abbie,23
LA,F,Ali,23
LA,F,Allyson,23
LA,F,Amari,23
LA,F,Amelia,23
LA,F,Angela,23
LA,F,Angelle,23
LA,F,Annie,23
LA,F,Ashlynn,22
LA,F,Alana,21
LA,F,Amy,21
LA,F,Ashton,21
LA,F,Ashleigh,20
LA,F,Aubrey,20
LA,F,Alisha,19
LA,F,Anne,19
LA,F,Adriana,18
LA,F,Alexandria,17
LA,F,Alison,17
LA,F,Aliyah,16
LA,F,Amya,16
LA,F,Adrienne,15
LA,F,Anastasia,15
LA,F,Adrianna,14
LA,F,Alanna,14
LA,F,Alissa,14
LA,F,Anya,14
LA,F,April,14
LA,F,Abbey,13
LA,F,Ainsley,13
LA,F,Armani,13
LA,F,Abbigail,12
LA,F,Alaysia,12
LA,F,Aimee,11
LA,F,Alli,11
LA,F,Amani,11
LA,F,Angelique,11
LA,F,Aleah,10
LA,F,Ally,10
LA,F,Angelica,10
LA,F,Angelina,10
LA,F,Adrian,9
LA,F,Alecia,9
LA,F,Alex,9
LA,F,Alyse,9
LA,F,Alyson,9
LA,F,Ana,9
LA,F,Aniya,9
LA,F,Annabelle,9
LA,F,Ashtyn,9
LA,F,Abbi,8
LA,F,Abbygail,8
LA,F,Adeline,8
LA,F,Aerial,8
LA,F,Aja,8
LA,F,Alice,8
LA,F,Arielle,8
LA,F,Ashanti,8
LA,F,Ashlee,8
LA,F,Akira,7
LA,F,Alise,7
LA,F,Alyssia,7
LA,F,Amira,7
LA,F,Amiya,7
LA,F,Ansley,7
LA,F,Asha,7
LA,F,Ayana,7
LA,F,Abigayle,6
LA,F,Alena,6
LA,F,Alexius,6
LA,F,Alivia,6
LA,F,Alycia,6
LA,F,Alysia,6
LA,F,Annaclaire,6
LA,F,Annemarie,6
LA,F,Annmarie,6
LA,F,Aysia,6
LA,F,Alaya,5
LA,F,Alayja,5
LA,F,Aleshia,5
LA,F,Alia,5
LA,F,Alisa,5
LA,F,Allyssa,5
LA,F,Alysa,5
LA,F,Aniyah,5
LA,F,Antonia,5
LA,F,Azaria,5
LA,M,Austin,323
LA,M,Andrew,223
LA,M,Anthony,158
LA,M,Alexander,147
LA,M,Aaron,143
LA,M,Alex,124
LA,M,Adam,96
LA,M,Ashton,64
LA,M,Antonio,62
LA,M,Andre,56
LA,M,Adrian,32
LA,M,Alec,30
LA,M,Allen,30
LA,M,Avery,29
LA,M,Ahmad,22
LA,M,Albert,22
LA,M,Alvin,21
LA,M,Alan,18
LA,M,Alonzo,15
LA,M,Antoine,15
LA,M,Aubrey,15
LA,M,Aidan,12
LA,M,Arthur,12
LA,M,Alfred,10
LA,M,Amir,7
LA,M,Angelo,7
LA,M,Abel,6
LA,M,Adarius,6
LA,M,Addison,6
LA,M,Akeem,6
LA,M,Alton,6
LA,M,Andres,6
LA,M,Ashley,6
LA,M,Adonis,5
LA,M,Alberto,5
LA,M,Alden,5
LA,M,Alejandro,5
LA,M,Ali,5
LA,M,Allan,5
LA,M,Amani,5
LA,M,Andy,5
LA,M,Armond,5
LA,M,Austen,5
MA,F,Ashley,402
MA,F,Abigail,387
MA,F,Amanda,265
MA,F,Alyssa,262
MA,F,Anna,249
MA,F,Alexandra,236
MA,F,Alexis,234
MA,F,Allison,142
MA,F,Alexa,106
MA,F,Amber,106
MA,F,Ariana,106
MA,F,Angela,101
MA,F,Arianna,86
MA,F,Alicia,76
MA,F,Amy,72
MA,F,Amelia,70
MA,F,Ava,69
MA,F,Angelina,66
MA,F,Alison,63
MA,F,Audrey,59
MA,F,Andrea,55
MA,F,Adriana,47
MA,F,Alexandria,46
MA,F,Autumn,44
MA,F,Alexia,41
MA,F,Anne,41
MA,F,Alana,38
MA,F,Ana,36
MA,F,Avery,33
MA,F,Angelica,30
MA,F,Anastasia,28
MA,F,Allyson,27
MA,F,Abby,25
MA,F,Aliyah,25
MA,F,Amaya,25
MA,F,Aaliyah,24
MA,F,Adrianna,24
MA,F,Alanna,24
MA,F,Alice,24
MA,F,Annie,24
MA,F,Ariel,22
MA,F,April,19
MA,F,Ashlyn,19
MA,F,Alisha,18
MA,F,Alissa,18
MA,F,Alyson,18
MA,F,Ashleigh,17
MA,F,Alejandra,16
MA,F,Ann,16
MA,F,Annabelle,16
MA,F,Ashlee,15
MA,F,Alexus,14
MA,F,Annika,14
MA,F,Asia,14
MA,F,Aubrey,14
MA,F,Angel,13
MA,F,Anya,13
MA,F,Abigayle,12
MA,F,Aiyana,12
MA,F,Alycia,11
MA,F,Angelique,11
MA,F,Arielle,11
MA,F,Aryana,11
MA,F,Athena,11
MA,F,Alia,10
MA,F,Alina,10
MA,F,Ally,10
MA,F,Antonia,10
MA,F,Ayanna,10
MA,F,Alessandra,9
MA,F,Alivia,9
MA,F,Allie,9
MA,F,Amani,9
MA,F,Adeline,8
MA,F,Adrienne,8
MA,F,Aisha,8
MA,F,Aislinn,8
MA,F,Alexandrea,8
MA,F,Aliana,8
MA,F,Angie,8
MA,F,Abbey,7
MA,F,Aisling,7
MA,F,Alena,7
MA,F,Aliya,7
MA,F,Amari,7
MA,F,Annabel,7
MA,F,Annabella,7
MA,F,Aurora,7
MA,F,Abbie,6
MA,F,Abrianna,6
MA,F,Aimee,6
MA,F,Alaina,6
MA,F,Alayna,6
MA,F,Alisa,6
MA,F,Alysha,6
MA,F,Amya,6
MA,F,Anika,6
MA,F,Annamaria,6
MA,F,Annemarie,6
MA,F,Annette,6
MA,F,Aoife,6
MA,F,Aryanna,6
MA,F,Adele,5
MA,F,Aidan,5
MA,F,Ailish,5
MA,F,Aleah,5
MA,F,Alexi,5
MA,F,Allegra,5
MA,F,Alondra,5
MA,F,Alysia,5
MA,F,Amara,5
MA,F,Anabel,5
MA,F,Ani,5
MA,F,Anita,5
MA,F,Anjali,5
MA,F,Annalise,5
MA,F,Aria,5
MA,F,Ariyana,5
MA,F,Asha,5
MA,F,Ashlie,5
MA,F,Audra,5
MA,M,Andrew,644
MA,M,Anthony,527
MA,M,Alexander,481
MA,M,Adam,230
MA,M,Aidan,208
MA,M,Austin,158
MA,M,Alex,143
MA,M,Aaron,128
MA,M,Angel,90
MA,M,Antonio,70
MA,M,Alec,64
MA,M,Adrian,59
MA,M,Andy,38
MA,M,Andre,37
MA,M,Alejandro,36
MA,M,Alan,35
MA,M,Aiden,32
MA,M,Albert,26
MA,M,Alexis,24
MA,M,Arthur,24
MA,M,Andres,21
MA,M,Avery,19
MA,M,Abraham,17
MA,M,Angelo,17
MA,M,Allen,16
MA,M,Ariel,15
MA,M,Armani,14
MA,M,Alexandre,13
MA,M,Ahmad,12
MA,M,Ali,12
MA,M,Alberto,11
MA,M,Alfred,10
MA,M,Axel,10
MA,M,Aditya,9
MA,M,Ahmed,9
MA,M,Alvin,9
MA,M,Anderson,9
MA,M,Antoine,9
MA,M,Allan,8
MA,M,Amari,8
MA,M,Angus,8
MA,M,Anton,8
MA,M,August,8
MA,M,Alden,7
MA,M,Amir,7
MA,M,Anders,7
MA,M,Ari,7
MA,M,Adrien,6
MA,M,Antony,6
MA,M,Armand,6
MA,M,Ashwin,6
MA,M,Atticus,6
MA,M,Augustus,6
MA,M,Anson,5
MA,M,Arjun,5
MA,M,Armando,5
MA,M,Avi,5
MA,M,Ayden,5
MD,F,Alexis,289
MD,F,Abigail,259
MD,F,Ashley,250
MD,F,Alexandra,201
MD,F,Alyssa,195
MD,F,Anna,174
MD,F,Amanda,150
MD,F,Allison,121
MD,F,Amber,107
MD,F,Autumn,75
MD,F,Angel,74
MD,F,Amy,58
MD,F,Asia,57
MD,F,Alexa,51
MD,F,Amaya,50
MD,F,Andrea,50
MD,F,Angela,45
MD,F,Ayanna,35
MD,F,Alicia,33
MD,F,Ariana,33
MD,F,Allyson,32
MD,F,Audrey,31
MD,F,Aniya,30
MD,F,Arianna,30
MD,F,Alison,29
MD,F,Amelia,29
MD,F,Ana,29
MD,F,Ariel,29
MD,F,Ashlyn,29
MD,F,Ava,29
MD,F,Alexandria,27
MD,F,Alana,25
MD,F,Angelica,24
MD,F,Alexus,23
MD,F,Adrianna,22
MD,F,Alexia,22
MD,F,Aliyah,21
MD,F,Anastasia,21
MD,F,Angelina,21
MD,F,Aubrey,21
MD,F,Alaina,19
MD,F,Amari,19
MD,F,Anne,19
MD,F,Annie,19
MD,F,April,19
MD,F,Avery,19
MD,F,Aaliyah,18
MD,F,Alayna,18
MD,F,Alice,18
MD,F,Alisha,18
MD,F,Aniyah,18
MD,F,Amani,17
MD,F,Ann,17
MD,F,Ashleigh,16
MD,F,Alyson,15
MD,F,Ayana,15
MD,F,Abby,13
MD,F,Adriana,13
MD,F,Aiyana,13
MD,F,Amya,13
MD,F,Alejandra,12
MD,F,Amira,12
MD,F,Addison,11
MD,F,Alina,11
MD,F,Alissa,11
MD,F,Amara,11
MD,F,Anaya,11
MD,F,Ashlee,11
MD,F,Aisha,10
MD,F,Aleah,10
MD,F,Alisa,10
MD,F,Aliya,10
MD,F,Annabelle,10
MD,F,Arielle,10
MD,F,Abbey,9
MD,F,Angie,9
MD,F,Antonia,9
MD,F,Adrienne,8
MD,F,Alanna,8
MD,F,Alondra,8
MD,F,Amirah,8
MD,F,Angelique,8
MD,F,Anita,8
MD,F,Annika,8
MD,F,Asha,8
MD,F,Ashanti,8
MD,F,Akira,7
MD,F,Amia,7
MD,F,Amina,7
MD,F,Aminah,7
MD,F,Ananda,7
MD,F,Anika,7
MD,F,Annabel,7
MD,F,Ashlynn,7
MD,F,Athena,7
MD,F,Ada,6
MD,F,Aja,6
MD,F,Alex,6
MD,F,Alia,6
MD,F,Ally,6
MD,F,Alycia,6
MD,F,Amaris,6
MD,F,Amiah,6
MD,F,Angeline,6
MD,F,Anjali,6
MD,F,Antoinette,6
MD,F,Azaria,6
MD,F,Abigayle,5
MD,F,Adeline,5
MD,F,Aileen,5
MD,F,Alea,5
MD,F,Alena,5
MD,F,Aleyah,5
MD,F,Alise,5
MD,F,Alyse,5
MD,F,Alysha,5
MD,F,Amaiya,5
MD,F,Aminata,5
MD,F,Ananya,5
MD,F,Ania,5
MD,F,Anissa,5
MD,F,Annette,5
MD,F,Anya,5
MD,F,Armani,5
MD,F,Ashton,5
MD,M,Andrew,474
MD,M,Alexander,347
MD,M,Anthony,315
MD,M,Austin,197
MD,M,Aaron,178
MD,M,Adam,135
MD,M,Antonio,87
MD,M,Alex,76
MD,M,Aidan,64
MD,M,Andre,45
MD,M,Alec,41
MD,M,Adrian,35
MD,M,Andy,30
MD,M,Alan,23
MD,M,Amir,20
MD,M,Angelo,19
MD,M,Antoine,19
MD,M,Avery,19
MD,M,Alejandro,17
MD,M,Albert,16
MD,M,Andres,16
MD,M,Arthur,16
MD,M,Aiden,15
MD,M,Allen,15
MD,M,Angel,14
MD,M,Abraham,13
MD,M,Alexis,13
MD,M,Alvin,13
MD,M,Ali,12
MD,M,Asher,12
MD,M,Addison,11
MD,M,Ahmad,11
MD,M,Ahmed,10
MD,M,Antwan,10
MD,M,Alonzo,9
MD,M,Ashton,9
MD,M,Abdul,8
MD,M,Alpha,8
MD,M,August,7
MD,M,Adonis,6
MD,M,Amari,6
MD,M,Ari,6
MD,M,Aditya,5
MD,M,Arjun,5
MD,M,Arnold,5
MD,M,Aryeh,5
MD,M,Aubrey,5
ME,F,Abigail,102
ME,F,Alexis,78
ME,F,Ashley,61
ME,F,Anna,46
ME,F,Alyssa,37
ME,F,Amber,30
ME,F,Autumn,26
ME,F,Amanda,24
ME,F,Alexandra,23
ME,F,Arianna,21
ME,F,Allison,15
ME,F,Alexandria,14
ME,F,Alicia,12
ME,F,Alexa,11
ME,F,Allyson,9
ME,F,Amy,9
ME,F,Ashlee,9
ME,F,Audrey,9
ME,F,Adriana,8
ME,F,Ariana,8
ME,F,Alana,7
ME,F,Amelia,7
ME,F,Andrea,7
ME,F,Adrianna,6
ME,F,Amaya,6
ME,F,Abbey,5
ME,F,Addison,5
ME,F,Alanna,5
ME,F,Alayna,5
ME,F,Alexia,5
ME,F,Alissa,5
ME,F,Alivia,5
ME,F,Allie,5
ME,F,Angel,5
ME,F,Ashlyn,5
ME,F,Aubrey,5
ME,F,Ava,5
ME,M,Andrew,107
ME,M,Alexander,89
ME,M,Austin,60
ME,M,Anthony,44
ME,M,Adam,43
ME,M,Aaron,35
ME,M,Alex,29
ME,M,Aidan,17
ME,M,Avery,14
ME,M,Alec,11
ME,M,Adrian,7
ME,M,Alan,7
ME,M,Andre,7
ME,M,Abraham,6
ME,M,Aiden,6
ME,M,Ashton,5
ME,M,Augustus,5
